seconds,comparison,mae,medae,rmse,event_macro_mae,m4_mae,m4_event_macro_mae,m4_bias,m4_records,m4_events,m4_cvar95,m4.5_mae,m5_mae,m5_event_macro_mae,m5_records,m5_events,cvar95,event_macro_cvar95,fp4,tp4,fpr4,crps,tail_crps4,brier4,quantized_grid_crps,quantized_tail_grid_crps,quantized_marginal_grid_crps,event_macro_crps,event_macro_brier4,tail_predicted,tail_observed,tail_ece10,event_macro_tail_ece10,interval90_continuous_coverage,interval90_bin_coverage,interval90_m4_continuous_coverage,interval90_m4_bin_coverage
1,raw_mean,0.41432010942451825,0.3184237064698805,0.547579931851125,0.4662448777276392,0.8991527917783454,0.8766111599681997,-0.8281124701995505,1027,13,2.5261714717041377,1.0398503800955803,1.4199949187782657,1.4199949187782661,91,1,1.4142827515403196,1.1505052222659913,609,377,0.006345997540795698,,,,,,,,,,,,,,,,
1,raw_median,0.4105435443794913,0.25000000000000044,0.550791053385585,0.4615862612747872,0.9191333982473221,0.8986964961723617,-0.8238072054527749,1027,13,2.526923076923076,1.0454441913439632,1.4247252747252745,1.424725274725274,91,1,1.434103092783505,1.1509664882208746,676,401,0.007044161473855324,,,,,,,,,,,,,,,,
1,huber_ce_seed20261009_mean,0.3645949260266842,0.27157917790516084,0.4919741003728661,0.4093972558972805,0.6926084971550415,0.6650579922890695,-0.5913270271423863,1027,13,2.3379476875021883,0.8249889302162975,1.103620898783915,1.103620898783915,91,1,1.3227473050376695,1.078166906375262,618,482,0.006439780755684305,0.2607402079107818,0.00430027460076364,0.00956685408547907,0.2543494961885491,0.2744275806767851,0.11516218673501527,0.29158632281867086,0.00491661320367264,0.020332679205889468,0.01058839297681276,0.009744286229076712,0.008985846694056186,0.871537121235553,0.908807852113039,0.7370983446932814,0.73904576436222
1,huber_ce_seed20261009_median,0.36207612920520044,0.25,0.4942945904669589,0.40358998473824276,0.7047224926971761,0.6779037258500117,-0.6027750730282373,1027,13,2.369230769230769,0.832915717539863,1.11043956043956,1.1104395604395598,91,1,1.3401855670103093,1.0738366239617105,651,495,0.006783652543609195,0.2607402079107818,0.00430027460076364,0.00956685408547907,0.2543494961885491,0.2744275806767851,0.11516218673501527,0.29158632281867086,0.00491661320367264,0.020332679205889468,0.01058839297681276,0.009744286229076712,0.008985846694056186,0.871537121235553,0.908807852113039,0.7370983446932814,0.73904576436222
1,huber_ce_seed20261010_mean,0.36752910504382236,0.27361619229189316,0.496139840349857,0.4162140478856692,0.6850388131723479,0.6596183547125669,-0.5971859551010188,1027,13,2.3029032228192112,0.8177218714882835,1.1005134070249865,1.1005134070249862,91,1,1.3376036527695354,1.0953390838032966,607,473,0.006325156826376009,0.26266363526832337,0.004341773275379455,0.009621280437286618,0.2555347439143692,0.27580514121916044,0.11563273645367565,0.29643771858512946,0.005062464324544512,0.02082696380015998,0.01058839297681276,0.010238570823347223,0.009566652871746677,0.8702999185508232,0.9091171527842216,0.7409931840311588,0.7429406037000974
1,huber_ce_seed20261010_median,0.3649546874516717,0.25,0.4984954888613565,0.41035678870063974,0.6959591041869522,0.6715793833698006,-0.5998539435248293,1027,13,2.3173076923076916,0.8231207289293845,1.1049450549450544,1.1049450549450544,91,1,1.355319587628866,1.090704196992912,690,489,0.007190046474793156,0.26266363526832337,0.004341773275379455,0.009621280437286618,0.2555347439143692,0.27580514121916044,0.11563273645367565,0.29643771858512946,0.005062464324544512,0.02082696380015998,0.01058839297681276,0.010238570823347223,0.009566652871746677,0.8702999185508232,0.9091171527842216,0.7409931840311588,0.7429406037000974
1,huber_ce_ensemble_mean,0.36534278761116534,0.2720275983436,0.49303566209562427,0.41218887702846374,0.6861157442937363,0.6597236302099553,-0.5942564911217024,1027,13,2.318333703386085,0.8180070171007451,1.1005341228088885,1.1005341228088885,91,1,1.3274442922925485,1.0864983539790658,597,479,0.006220953254277557,0.2610337349891324,0.004291685858838207,0.00953704639469979,0.2542739334511729,0.2743194178574474,0.11506979936551509,0.29333184275729085,0.004954915105591648,0.020579821504322134,0.01058839297681276,0.009991428527509375,0.009276249783920922,0.8725784334952007,0.9099831946635324,0.7361246348588121,0.7370983446932814
1,huber_ce_ensemble_median,0.36260812635963424,0.25,0.4952269004878593,0.4061335595925142,0.6976144109055501,0.6721968148188329,-0.6012171372930865,1027,13,2.340384615384615,0.8249430523917992,1.1027472527472522,1.1027472527472522,91,1,1.3442886597938146,1.0828919650091753,657,491,0.006846174686868266,0.2610337349891324,0.004291685858838207,0.00953704639469979,0.2542739334511729,0.2743194178574474,0.11506979936551509,0.29333184275729085,0.004954915105591648,0.020579821504322134,0.01058839297681276,0.009991428527509375,0.009276249783920922,0.8725784334952007,0.9099831946635324,0.7361246348588121,0.7370983446932814
1,crps_ce_seed20261009_mean,0.36175260757055605,0.27596145726129473,0.4816535361168728,0.4135951629454243,0.8292420447893204,0.7972749972939092,-0.7874410198211373,1027,13,2.325410649759891,0.992417992541487,1.2693435880123936,1.2693435880123936,91,1,1.2748003862743509,1.1035890096290473,162,269,0.0016880978679949148,0.2577688484002842,0.003383405737691916,0.007670431878964431,0.25013477169036513,0.2665372029451901,0.1116587521532589,0.29332845098727456,0.003261007975347222,0.014084748403924702,0.01058839297681276,0.003496355427111942,0.004973354266559036,0.8629179425319353,0.9072716587794996,0.6017526777020448,0.6027263875365141
1,crps_ce_seed20261009_median,0.35804800346416754,0.25,0.4830036557002371,0.4060029319482809,0.8202044790652385,0.7876514989536187,-0.777069133398247,1027,13,2.346153846153846,0.9766514806378128,1.246703296703296,1.246703296703296,91,1,1.296041237113402,1.099463466554484,203,314,0.002115332513598566,0.2577688484002842,0.003383405737691916,0.007670431878964431,0.25013477169036513,0.2665372029451901,0.1116587521532589,0.29332845098727456,0.003261007975347222,0.014084748403924702,0.01058839297681276,0.003496355427111942,0.004973354266559036,0.8629179425319353,0.9072716587794996,0.6017526777020448,0.6027263875365141
1,crps_ce_seed20261010_mean,0.36288938008887717,0.27716151483031637,0.4834355406873149,0.4156358883101191,0.8422585185531685,0.8096265169055986,-0.8027352255163581,1027,13,2.307162912006546,1.0003534539682495,1.2970122781939528,1.2970122781939528,91,1,1.2855555481054304,1.1134658248397629,155,257,0.0016151553675259988,0.25878998465170994,0.003389949699823576,0.007697397990707585,0.25092827573926135,0.26739335385513946,0.11178148378045284,0.2952287123616253,0.003250605338559434,0.013206542622863646,0.01058839297681276,0.0026181496460508896,0.004525413430585237,0.8627942222634624,0.9076840596744095,0.5910418695228822,0.5910418695228822
1,crps_ce_seed20261010_median,0.3594254224531667,0.25,0.4849915401277046,0.40865407593356323,0.8371470301850047,0.8050267322239967,-0.7936222005842256,1027,13,2.3057692307692306,0.9862186788154893,1.276373626373626,1.2763736263736256,91,1,1.305896907216495,1.1107186402442621,206,309,0.0021465935852281017,0.25878998465170994,0.003389949699823576,0.007697397990707585,0.25092827573926135,0.26739335385513946,0.11178148378045284,0.2952287123616253,0.003250605338559434,0.013206542622863646,0.01058839297681276,0.0026181496460508896,0.004525413430585237,0.8627942222634624,0.9076840596744095,0.5910418695228822,0.5910418695228822
1,crps_ce_ensemble_mean,0.3615409401832737,0.2758450379202122,0.4814075630775316,0.4139363889621645,0.8349178563833509,0.8024848060891236,-0.7950881226687477,1027,13,2.312571293930877,0.9953586608380279,1.2829533192708604,1.2829533192708604,91,1,1.277012132782741,1.107841487087014,154,256,0.0016047350103161537,0.25749805389147695,0.0033740291080603326,0.007650113112558646,0.24975016108034012,0.2661265609591269,0.11137782681995997,0.2934702130532279,0.0032369314123607603,0.013645645512553957,0.01058839297681276,0.0030572525357411943,0.004749383848340949,0.8651345973420762,0.9093955233882858,0.5968841285296982,0.5968841285296982
1,crps_ce_ensemble_median,0.35780056292722157,0.25,0.4828305115223221,0.40648600727059203,0.8272151898734175,0.794647020668606,-0.7848588120740017,1027,13,2.3249999999999997,0.9805239179954438,1.2598901098901094,1.2598901098901092,91,1,1.2981237113402062,1.1035727815072596,207,311,0.002157013942437947,0.25749805389147695,0.0033740291080603326,0.007650113112558646,0.24975016108034012,0.2661265609591269,0.11137782681995997,0.2934702130532279,0.0032369314123607603,0.013645645512553957,0.01058839297681276,0.0030572525357411943,0.004749383848340949,0.8651345973420762,0.9093955233882858,0.5968841285296982,0.5968841285296982
1,tail_crps_ce_seed20261009_mean,0.3625603929154016,0.27697042525200555,0.48263274002904305,0.4135981590904798,0.8400087954750497,0.8079801109119871,-0.8019535770346637,1027,13,2.324870957497183,0.9999392231458856,1.2671314818792208,1.267131481879221,91,1,1.2777333313190569,1.1002587499271383,153,240,0.0015943146531063085,0.25826988855415495,0.003353499705728695,0.007668380817538681,0.2507980883539293,0.2671002960497315,0.11183565520420839,0.29314520447007747,0.00324541737871224,0.013695887843903694,0.01058839297681276,0.0031074948670909352,0.004708512708184057,0.8647428164919118,0.9082098708154197,0.6017526777020448,0.6017526777020448
1,tail_crps_ce_seed20261009_median,0.3587150619116844,0.25,0.48398967167577556,0.4056887782729142,0.8266309639727359,0.7959300431838015,-0.7857351509250241,1027,13,2.342307692307692,0.9773348519362183,1.2335164835164831,1.233516483516483,91,1,1.2975876288659796,1.0942563967276802,194,291,0.0020215492987099596,0.25826988855415495,0.003353499705728695,0.007668380817538681,0.2507980883539293,0.2671002960497315,0.11183565520420839,0.29314520447007747,0.00324541737871224,0.013695887843903694,0.01058839297681276,0.0031074948670909352,0.004708512708184057,0.8647428164919118,0.9082098708154197,0.6017526777020448,0.6017526777020448
1,tail_crps_ce_seed20261010_mean,0.36408289385271647,0.2779745911088267,0.48463951817768497,0.4171585988504515,0.8383772489546968,0.8042249433621125,-0.7994571663561276,1027,13,2.2962227783332714,0.9942468058373752,1.2694907445990937,1.269490744599094,91,1,1.285376551753036,1.1098993150603318,166,253,0.0017297792968342955,0.25936109965971166,0.003394002360600011,0.007719326893315623,0.25128321498845757,0.26775206195473816,0.11188378944915596,0.29588816161552,0.0032831433393947645,0.013331029357846398,0.01058839297681276,0.002742636381033636,0.004591805224718681,0.8634849937624365,0.9085191714866021,0.5959104186952289,0.5968841285296982
1,tail_crps_ce_seed20261010_median,0.36032445640407035,0.25,0.4861599685883112,0.40953704009549646,0.8278967867575461,0.7935663217396217,-0.7846640701071078,1027,13,2.30576923076923,0.9734624145785873,1.2456043956043954,1.245604395604395,91,1,1.3049072164948456,1.1029615474128314,221,314,0.002302898943375779,0.25936109965971166,0.003394002360600011,0.007719326893315623,0.25128321498845757,0.26775206195473816,0.11188378944915596,0.29588816161552,0.0032831433393947645,0.013331029357846398,0.01058839297681276,0.002742636381033636,0.004591805224718681,0.8634849937624365,0.9085191714866021,0.5959104186952289,0.5968841285296982
1,tail_crps_ce_ensemble_mean,0.3624447358004649,0.2767188791728832,0.4824203400154728,0.4145929856958556,0.8384177572900645,0.8051050730018676,-0.8007053716953957,1027,13,2.307095575572254,0.9960606273908165,1.2679720227617475,1.2679720227617475,91,1,1.2782584452198873,1.104355498708083,155,247,0.0016151553675259988,0.2579966944940668,0.00335812465134372,0.007653525739556599,0.25022185206068315,0.2665368082408651,0.11149403607904432,0.2936502089980676,0.0032417287859996726,0.013513458599489958,0.01058839297681276,0.0029250656226772003,0.004650158964987039,0.8661449795346056,0.9098285443279412,0.5998052580331061,0.5998052580331061
1,tail_crps_ce_ensemble_median,0.3584717453836875,0.25,0.4836542595537962,0.4066178842820661,0.8256572541382666,0.7921536411493157,-0.7850535540408956,1027,13,2.309615384615384,0.9736902050113891,1.2445054945054943,1.2445054945054939,91,1,1.2982886597938146,1.098400496292924,203,302,0.002115332513598566,0.2579966944940668,0.00335812465134372,0.007653525739556599,0.25022185206068315,0.2665368082408651,0.11149403607904432,0.2936502089980676,0.0032417287859996726,0.013513458599489958,0.01058839297681276,0.0029250656226772003,0.004650158964987039,0.8661449795346056,0.9098285443279412,0.5998052580331061,0.5998052580331061
1,marginal_crps_ce_seed20261009_mean,0.3638755598127909,0.27623549241388057,0.48554069421081925,0.4160509110779601,0.83003765191411,0.7962504688098477,-0.7871331799638539,1027,13,2.3326931939455102,0.993481170346513,1.2634322022062734,1.2634322022062734,91,1,1.28818297703449,1.1031800460436962,167,251,0.0017401996540441407,0.25967803435446646,0.0033805859162305846,0.007730346345473303,0.25202893603908016,0.2684414520822295,0.11232349366869335,0.2954764073312766,0.0033019045998537505,0.01401230745131693,0.01058839297681276,0.0034239144745041696,0.004953557543061656,0.8634540636953182,0.9072097986452631,0.6075949367088608,0.6075949367088608
1,marginal_crps_ce_seed20261009_median,0.3604007505696288,0.25,0.48733067308642836,0.40873839408616486,0.819328140214216,0.7838997142625141,-0.7739532619279452,1027,13,2.3557692307692304,0.9807517084282457,1.2456043956043954,1.245604395604395,91,1,1.308453608247423,1.0973708765399568,211,300,0.0021986953712773275,0.25967803435446646,0.0033805859162305846,0.007730346345473303,0.25202893603908016,0.2684414520822295,0.11232349366869335,0.2954764073312766,0.0033019045998537505,0.01401230745131693,0.01058839297681276,0.0034239144745041696,0.004953557543061656,0.8634540636953182,0.9072097986452631,0.6075949367088608,0.6075949367088608
1,marginal_crps_ce_seed20261010_mean,0.36613469098031964,0.27970800827407594,0.48778725135685275,0.42082135544360216,0.8379984822615771,0.8066482797634335,-0.7952020899313438,1027,13,2.287638400473527,0.99369694315092,1.2731567216889907,1.273156721688991,91,1,1.29714638543345,1.1168649336766974,175,259,0.0018235625117229018,0.2608346444105046,0.003417866000629184,0.007738211847678349,0.2526364063627224,0.2691997096587182,0.1124084303211328,0.29853814462104666,0.0033121316578659833,0.013435180437196926,0.01058839297681276,0.0028467874603841647,0.004761288161336359,0.8624127514356706,0.9079418102337282,0.6007789678675755,0.6017526777020448
1,marginal_crps_ce_seed20261010_median,0.3623668718361118,0.25,0.4894063217105482,0.4133724272519096,0.830720545277507,0.7989749627825211,-0.7855404089581303,1027,13,2.2999999999999994,0.9764236902050111,1.2467032967032965,1.246703296703296,91,1,1.317319587628866,1.1126423209387617,233,303,0.002427943229893921,0.2608346444105046,0.003417866000629184,0.007738211847678349,0.2526364063627224,0.2691997096587182,0.1124084303211328,0.29853814462104666,0.0033121316578659833,0.013435180437196926,0.01058839297681276,0.0028467874603841647,0.004761288161336359,0.8624127514356706,0.9079418102337282,0.6007789678675755,0.6017526777020448
1,marginal_crps_ce_ensemble_mean,0.36410630938947874,0.27733913110388064,0.4855021627967523,0.4176534961760287,0.8328077580693087,0.8002274007421435,-0.7911676349475989,1027,13,2.3078887636624534,0.99278613060054,1.2682322839320077,1.268232283932008,91,1,1.289833841150096,1.1095679428973173,167,258,0.0017401996540441407,0.25946225958534025,0.003384503192808872,0.007692025712353459,0.25153859140398316,0.26795915933478426,0.11201316697717036,0.29619215196504495,0.00328365301560157,0.013723743943978942,0.01058839297681276,0.0031353509671661825,0.004857422852269838,0.8654645180580042,0.9094780035672677,0.6046738072054528,0.6056475170399221
1,marginal_crps_ce_ensemble_median,0.3603976575629169,0.25,0.4871243573201844,0.410003752745756,0.8245861733203503,0.791400092780742,-0.7796007789678672,1027,13,2.315384615384615,0.978929384965831,1.2434065934065932,1.2434065934065925,91,1,1.3109896907216496,1.1040347232789824,214,306,0.002229956442906863,0.25946225958534025,0.003384503192808872,0.007692025712353459,0.25153859140398316,0.26795915933478426,0.11201316697717036,0.29619215196504495,0.00328365301560157,0.013723743943978942,0.01058839297681276,0.0031353509671661825,0.004857422852269838,0.8654645180580042,0.9094780035672677,0.6046738072054528,0.6056475170399221
1,ranked_bce_ce_seed20261009_mean,0.3620113090150582,0.27670573840098145,0.4818467766298644,0.4134911817432033,0.8347018674338011,0.8009761285008227,-0.793269420094148,1027,13,2.324172948759019,0.9960570259564069,1.263152696808628,1.263152696808628,91,1,1.2758395139983723,1.101695493057452,156,255,0.001625575724735844,0.25780803814403686,0.0033750822996754994,0.0077106803227939905,0.2502696080812848,0.26665081682101666,0.1117377492548535,0.29303488578321385,0.003274831526744653,0.014085988057713494,0.01058839297681276,0.0035695342193301656,0.0050035487841478925,0.8639901848587012,0.9088490922025301,0.611489776046738,0.611489776046738
1,ranked_bce_ce_seed20261009_median,0.35850164444856847,0.25,0.4839076514341913,0.4059552192837719,0.8262414800389482,0.7918415053760844,-0.7819376825705937,1027,13,2.3557692307692304,0.9848519362186784,1.2478021978021974,1.2478021978021971,91,1,1.2987835051546393,1.0933589133944246,199,305,0.0020736510847591855,0.25780803814403686,0.0033750822996754994,0.0077106803227939905,0.2502696080812848,0.26665081682101666,0.1117377492548535,0.29303488578321385,0.003274831526744653,0.014085988057713494,0.01058839297681276,0.0035695342193301656,0.0050035487841478925,0.8639901848587012,0.9088490922025301,0.611489776046738,0.611489776046738
1,ranked_bce_ce_seed20261010_mean,0.3645763568232365,0.280690169999648,0.48394703611314616,0.41817445923175195,0.8383611189678004,0.8065122413956233,-0.7985609570401699,1027,13,2.296079130448455,0.9951577837963816,1.2843046031679821,1.2843046031679823,91,1,1.2784607801688623,1.1123041580269353,157,254,0.0016359960819456892,0.2595409809069121,0.003382516866972403,0.007698057279617721,0.251430141396075,0.2678462808350689,0.1120578625017066,0.29637587922621134,0.0032648740289498743,0.013501413480574098,0.01058839297681276,0.0030610826633427264,0.004712318681867555,0.8620106605631335,0.9084160712628746,0.6095423563777994,0.6095423563777994
1,ranked_bce_ce_seed20261010_median,0.36107811903951836,0.25,0.4855968071046619,0.41093877442667354,0.8295520934761439,0.7978454057130611,-0.7838851022395323,1027,13,2.311538461538461,0.9784738041002274,1.2576923076923074,1.257692307692307,91,1,1.2995051546391754,1.1067258433536658,206,316,0.0021465935852281017,0.2595409809069121,0.003382516866972403,0.007698057279617721,0.251430141396075,0.2678462808350689,0.1120578625017066,0.29637587922621134,0.0032648740289498743,0.013501413480574098,0.01058839297681276,0.0030610826633427264,0.004712318681867555,0.8620106605631335,0.9084160712628746,0.6095423563777994,0.6095423563777994
1,ranked_bce_ce_ensemble_mean,0.3624486985782289,0.2782745952589285,0.48168626927375796,0.4150764946744812,0.8355737561527325,0.8027811489598743,-0.7959151885671589,1027,13,2.3079515476961423,0.9948582318781608,1.2735749841016646,1.2735749841016648,91,1,1.2739312649174463,1.1062688641076563,163,251,0.00169851822520476,0.25786947393503024,0.003361476618625167,0.007664135006730295,0.2500448391487727,0.26636617462050194,0.11154602107298989,0.29386798372147466,0.0032452285502927347,0.013793700766828622,0.01058839297681276,0.003352209737447583,0.004857933730548577,0.864897466827503,0.9101584650438691,0.6144109055501461,0.6144109055501461
1,ranked_bce_ce_ensemble_median,0.35882641015331007,0.25,0.48335061119993944,0.40759620733056173,0.8269230769230766,0.7936813808577289,-0.784371957156767,1027,13,2.328846153846153,0.981435079726651,1.2489010989010985,1.2489010989010982,91,1,1.2960824742268042,1.0991923754889243,197,308,0.002052810370339495,0.25786947393503024,0.003361476618625167,0.007664135006730295,0.2500448391487727,0.26636617462050194,0.11154602107298989,0.29386798372147466,0.0032452285502927347,0.013793700766828622,0.01058839297681276,0.003352209737447583,0.004857933730548577,0.864897466827503,0.9101584650438691,0.6144109055501461,0.6144109055501461
3,raw_mean,0.363262186693706,0.2738050138311796,0.4880581373502734,0.4061659235865877,0.7516923879502324,0.720238709630297,-0.6565818824129352,1027,13,2.3093747789137287,0.8372917670739625,1.0921292063280588,1.092129206328059,91,1,1.293830502452147,1.0160650301713678,615,408,0.006408519684054769,,,,,,,,,,,,,,,,
3,raw_median,0.3622751126369944,0.25,0.49410871027155157,0.4033421943613645,0.7816455696202531,0.7512594675998545,-0.6171859785783834,1027,13,2.326923076923077,0.8730068337129838,1.1807692307692306,1.1807692307692301,91,1,1.322680412371134,1.019420204897091,759,455,0.007909051122272472,,,,,,,,,,,,,,,,
3,huber_ce_seed20261009_mean,0.31660692702927207,0.232841691575418,0.43364695214694987,0.3535646630025342,0.5536490714842287,0.5162196593057998,-0.443208410084976,1027,13,2.0658294070088132,0.6339561361488967,0.7765796336996369,0.7765796336996372,91,1,1.195115261113697,0.9505230946763654,632,552,0.0065856657566221374,0.22750777117874058,0.0038178851838461185,0.008920103197454211,0.22043968947614265,0.23838119876636787,0.10101557230246992,0.2524675373856859,0.004637447067231927,0.019957389588549503,0.01058839297681276,0.009368996611736746,0.007697620361074656,0.862887012464817,0.908972812471003,0.7702044790652386,0.7702044790652386
3,huber_ce_seed20261009_median,0.3157006175703402,0.25,0.4374014379713891,0.3489932253476503,0.5536027263875364,0.516466743715533,-0.41679649464459567,1027,13,2.0884615384615386,0.6381548974943049,0.7807692307692308,0.7807692307692304,91,1,1.2197525773195876,0.9448177804206844,764,605,0.007961152908321696,0.22750777117874058,0.0038178851838461185,0.008920103197454211,0.22043968947614265,0.23838119876636787,0.10101557230246992,0.2524675373856859,0.004637447067231927,0.019957389588549503,0.01058839297681276,0.009368996611736746,0.007697620361074656,0.862887012464817,0.908972812471003,0.7702044790652386,0.7702044790652386
3,huber_ce_seed20261010_mean,0.31695920549706746,0.23360410791055175,0.434055513817325,0.3543048905619074,0.5520566628263518,0.5172258951361665,-0.4554726962755155,1027,13,2.0337170185295976,0.6231102468387513,0.7875704578961169,0.7875704578961172,91,1,1.2018033427947858,0.9535159297627651,610,539,0.006356417898005544,0.22792164179288468,0.0037396110839221465,0.008481435551462795,0.22063071322494418,0.23816036983712996,0.1004983541571733,0.2535065189242255,0.004359757042819729,0.01862500538341759,0.01058839297681276,0.00803661240660483,0.006945925418128322,0.8622374810553339,0.9103028053570876,0.7828627069133398,0.7828627069133398
3,huber_ce_seed20261010_median,0.315737733650882,0.25,0.43736065810956204,0.34965464707387894,0.5671372930866599,0.5315479729950014,-0.4324732229795519,1027,13,2.0673076923076925,0.6413439635535305,0.8159340659340656,0.8159340659340654,91,1,1.2241443298969072,0.9485135288551501,686,589,0.007148365045953775,0.22792164179288468,0.0037396110839221465,0.008481435551462795,0.22063071322494418,0.23816036983712996,0.1004983541571733,0.2535065189242255,0.004359757042819729,0.01862500538341759,0.01058839297681276,0.00803661240660483,0.006945925418128322,0.8622374810553339,0.9103028053570876,0.7828627069133398,0.7828627069133398
3,huber_ce_ensemble_mean,0.3158806910594896,0.23220162819278833,0.43260449017978847,0.35312401725460185,0.5511669088239802,0.5149382048149524,-0.44934055318024574,1027,13,2.048073417672021,0.6271185013194713,0.7801228496668435,0.7801228496668438,91,1,1.1953892283376226,0.9516998962608653,618,541,0.006439780755684305,0.22686633187551614,0.003749085513354302,0.008621237055922201,0.2196868267402926,0.23728785274594102,0.10032615507047046,0.25211473854940525,0.004447730594569562,0.019291197481565592,0.01058839297681276,0.008702804504752833,0.007321772886805634,0.865392347901395,0.9118389986906271,0.7789678675754625,0.7789678675754625
3,huber_ce_ensemble_median,0.31471807243821726,0.25,0.4359470417185054,0.34835440649111293,0.5566212268743913,0.5203218506415935,-0.4214703018500484,1027,13,2.0749999999999997,0.634282460136674,0.7950549450549448,0.7950549450549447,91,1,1.2179381443298969,0.9442852931327497,720,595,0.007502657191088511,0.22686633187551614,0.003749085513354302,0.008621237055922201,0.2196868267402926,0.23728785274594102,0.10032615507047046,0.25211473854940525,0.004447730594569562,0.019291197481565592,0.01058839297681276,0.008702804504752833,0.007321772886805634,0.865392347901395,0.9118389986906271,0.7789678675754625,0.7789678675754625
3,crps_ce_seed20261009_mean,0.31423783517685067,0.23514603828290515,0.4248001233202129,0.35575687282529667,0.6706103982149273,0.6339756045377141,-0.6191027671013491,1027,13,2.1068772332759185,0.7714799719438327,0.933119236105888,0.9331192361058881,91,1,1.1560368086962953,0.9661019129006804,237,367,0.0024696246587333015,0.22468221871347532,0.0031599182858660555,0.007204316618635205,0.216417222122954,0.23174527528550956,0.09762436656067713,0.25291435631056197,0.003084008284808817,0.013366220385621335,0.01058839297681276,0.0027778274088085765,0.0036945285726069587,0.8565051086160856,0.9095398637015042,0.6523855890944499,0.6523855890944499
3,crps_ce_seed20261009_median,0.3117250729434084,0.25,0.4262259961521136,0.34933991794160096,0.6657740993184029,0.6278039269953756,-0.6009250243427458,1027,13,2.1249999999999996,0.7677676537585417,0.9192307692307689,0.9192307692307687,91,1,1.17740206185567,0.957365283345963,284,410,0.0029593814475960237,0.22468221871347532,0.0031599182858660555,0.007204316618635205,0.216417222122954,0.23174527528550956,0.09762436656067713,0.25291435631056197,0.003084008284808817,0.013366220385621335,0.01058839297681276,0.0027778274088085765,0.0036945285726069587,0.8565051086160856,0.9095398637015042,0.6523855890944499,0.6523855890944499
3,crps_ce_seed20261010_mean,0.31461331064569903,0.23655380963374473,0.4247465489433055,0.35560235724296435,0.6730864192822773,0.6387621098797263,-0.6170585918225125,1027,13,2.041849444237512,0.7699425786992105,0.9285755053155332,0.9285755053155332,91,1,1.1546849165217903,0.9617571410870425,230,365,0.0023966821582643853,0.22504818248521047,0.003153476523365912,0.0070762888948019765,0.21654614259304863,0.23182203813799937,0.09747610185025513,0.25315593215220594,0.0030175666160895576,0.012630414622425798,0.01058839297681276,0.002042021645613041,0.0033004506563468574,0.8545565143876362,0.9095295536791315,0.6407010710808179,0.6407010710808179
3,crps_ce_seed20261010_median,0.31205086965038714,0.25,0.4262388161812304,0.3494378444828666,0.6741480038948391,0.638135371930337,-0.5936222005842257,1027,13,2.061538461538461,0.7711845102505691,0.9170329670329668,0.9170329670329664,91,1,1.1776288659793814,0.9553612369596458,267,405,0.002782235375028656,0.22504818248521047,0.003153476523365912,0.0070762888948019765,0.21654614259304863,0.23182203813799937,0.09747610185025513,0.25315593215220594,0.0030175666160895576,0.012630414622425798,0.01058839297681276,0.002042021645613041,0.0033004506563468574,0.8545565143876362,0.9095295536791315,0.6407010710808179,0.6407010710808179
3,crps_ce_ensemble_mean,0.3135130521570195,0.23544814389062907,0.42355191248903706,0.35487772859831346,0.6703896953725254,0.6349181382247826,-0.6180806794619308,1027,13,2.0698503174462313,0.7687439856141414,0.9286376087336985,0.9286376087336985,91,1,1.151872190166838,0.9634723816759548,232,368,0.0024175228726840757,0.22403150892930276,0.0031402035193435016,0.007095914064210261,0.21564799068783222,0.23087511176238174,0.0971750873792177,0.2521759999777063,0.0030277519068647014,0.01299831750268663,0.01058839297681276,0.0024099245258738704,0.0034974896135639877,0.8580619219943707,0.9118183786458817,0.6465433300876339,0.6465433300876339
3,crps_ce_ensemble_median,0.3109085191714866,0.25,0.42483672914445003,0.34851491442978366,0.667332035053554,0.63206225858879,-0.5978091528724437,1027,13,2.0749999999999997,0.7652619589977218,0.9060439560439557,0.9060439560439557,91,1,1.1734432989690722,0.9557820750225748,279,409,0.002907279661546798,0.22403150892930276,0.0031402035193435016,0.007095914064210261,0.21564799068783222,0.23087511176238174,0.0971750873792177,0.2521759999777063,0.0030277519068647014,0.01299831750268663,0.01058839297681276,0.0024099245258738704,0.0034974896135639877,0.8580619219943707,0.9118183786458817,0.6465433300876339,0.6465433300876339
3,tail_crps_ce_seed20261009_mean,0.31580017021469636,0.23727134864170552,0.42644982820249416,0.3588238264209922,0.6629362512282879,0.6261505824079593,-0.6035884001621306,1027,13,2.090109198865019,0.7563370753982381,0.9006282458258479,0.9006282458258481,91,1,1.1572866785441518,0.9713149261309997,250,371,0.0026050893024612883,0.22571869875099224,0.0031794736335304823,0.00725577001293926,0.21724205520241288,0.23263878326944026,0.09811952976793288,0.25500740580004194,0.0031611649577865408,0.013723809354547742,0.01058839297681276,0.0031354163777349816,0.003938695584608032,0.8550823255286464,0.9087150619116844,0.6426484907497566,0.6426484907497566
3,tail_crps_ce_seed20261009_median,0.313153011042034,0.25,0.42788263258316245,0.35232595304277015,0.6492210321324243,0.6123877350369765,-0.5835929892891916,1027,13,2.107692307692307,0.7397494305239176,0.8598901098901093,0.8598901098901093,91,1,1.1798144329896907,0.9645652627534606,307,415,0.003199049663422462,0.22571869875099224,0.0031794736335304823,0.00725577001293926,0.21724205520241288,0.23263878326944026,0.09811952976793288,0.25500740580004194,0.0031611649577865408,0.013723809354547742,0.01058839297681276,0.0031354163777349816,0.003938695584608032,0.8550823255286464,0.9087150619116844,0.6426484907497566,0.6426484907497566
3,tail_crps_ce_seed20261010_mean,0.3164824738992103,0.2378183649900234,0.4278996197651134,0.35928710172562006,0.6783165178283587,0.6435291209871243,-0.6246543919298752,1027,13,2.056657217290735,0.7656920471375395,0.9150677568664073,0.9150677568664074,91,1,1.164428571753836,0.9730905364893637,250,362,0.0026050893024612883,0.22647906607811405,0.003147179476564762,0.007190266509956032,0.2178205230663697,0.2330866974256102,0.09811542508521984,0.2558491998089093,0.0031162133441503537,0.012926313038648784,0.01058839297681276,0.0023379200618360253,0.0035175914426273163,0.8544843442310269,0.9093542832987948,0.6368062317429406,0.6377799415774099
3,tail_crps_ce_seed20261010_median,0.3139406967513119,0.25,0.4296910294986462,0.35326199422004745,0.6707400194741965,0.6357769423236598,-0.6036514118792597,1027,13,2.0865384615384612,0.7518223234624142,0.8741758241758238,0.8741758241758235,91,1,1.1868865979381442,0.9666513011235415,311,414,0.003240731092261843,0.22647906607811405,0.003147179476564762,0.007190266509956032,0.2178205230663697,0.2330866974256102,0.09811542508521984,0.2558491998089093,0.0031162133441503537,0.012926313038648784,0.01058839297681276,0.0023379200618360253,0.0035175914426273163,0.8544843442310269,0.9093542832987948,0.6368062317429406,0.6377799415774099
3,tail_crps_ce_ensemble_mean,0.3153107111572596,0.23659296633730786,0.4260076454162682,0.35831563260790683,0.6694465984195977,0.6335676003265359,-0.6141213960460028,1027,13,2.071384622672425,0.76027648475814,0.9062631220106517,0.906263122010652,91,1,1.1575850212234549,0.9718083335763246,245,358,0.0025529875164120625,0.22526157565256383,0.0031455318094560135,0.007175125201910899,0.21669398237371043,0.23194467599231144,0.09773713037383971,0.25457063353645554,0.003114074706838086,0.013325061195797992,0.01058839297681276,0.0027366682189852317,0.003728143512713694,0.8573402204282783,0.91102450692318,0.6407010710808179,0.6407010710808179
3,tail_crps_ce_ensemble_median,0.3126746260039384,0.25,0.4275798866928777,0.352040550344523,0.6576923076923075,0.6220665009775482,-0.593232716650438,1027,13,2.0865384615384612,0.7436218678815486,0.8675824175824173,0.8675824175824169,91,1,1.180639175257732,0.9646471330782572,308,414,0.0032094700206323074,0.22526157565256383,0.0031455318094560135,0.007175125201910899,0.21669398237371043,0.23194467599231144,0.09773713037383971,0.25457063353645554,0.003114074706838086,0.013325061195797992,0.01058839297681276,0.0027366682189852317,0.003728143512713694,0.8573402204282783,0.91102450692318,0.6407010710808179,0.6407010710808179
3,marginal_crps_ce_seed20261009_mean,0.31547597912382797,0.23600449971204895,0.4267809447071922,0.3563914076831455,0.6655761512960754,0.6289191827018396,-0.6046462355475497,1027,13,2.083384072039266,0.7581387372629494,0.8924174574697118,0.8924174574697119,91,1,1.1618923356635023,0.9629423606080194,246,368,0.0025634078736219076,0.2254395017292218,0.003175431478578828,0.007215768771356276,0.21733703831649698,0.23272135998271526,0.09788099949678296,0.25315214096757543,0.0031252925868605775,0.01340409095279297,0.01058839297681276,0.0028156979759802123,0.0037627810297476685,0.8589382738960544,0.9110348169455528,0.631937682570594,0.631937682570594
3,marginal_crps_ce_seed20261009_median,0.31283443135071604,0.25,0.4283633076716746,0.34988856924781814,0.6581791626095422,0.6209405363803243,-0.5840798442064262,1027,13,2.094230769230769,0.752277904328018,0.8664835164835163,0.8664835164835158,91,1,1.1838762886597938,0.9546852250338889,302,416,0.0031469478773732363,0.2254395017292218,0.003175431478578828,0.007215768771356276,0.21733703831649698,0.23272135998271526,0.09788099949678296,0.25315214096757543,0.0031252925868605775,0.01340409095279297,0.01058839297681276,0.0028156979759802123,0.0037627810297476685,0.8589382738960544,0.9110348169455528,0.631937682570594,0.631937682570594
3,marginal_crps_ce_seed20261010_mean,0.3167685847848965,0.2375627325474512,0.42849022291510686,0.359620474805391,0.6721614222924724,0.6369173553456241,-0.6173777705595087,1027,13,2.032780546747528,0.766139738016386,0.9192861099356807,0.9192861099356806,91,1,1.1683527309976462,0.973116976736882,245,363,0.0025529875164120625,0.2264279753820036,0.0031537459893576938,0.00712179906847465,0.21784631351029876,0.2331353351199313,0.09781614723650953,0.2557423233623988,0.003076041123490517,0.012727292947925694,0.01058839297681276,0.0021388999711129354,0.003397627920217714,0.8548451950140732,0.90967389399235,0.6407010710808179,0.6416747809152873
3,marginal_crps_ce_seed20261010_median,0.31422731537327436,0.25,0.4302780026064268,0.3535086904623659,0.6655793573515092,0.6289513959308931,-0.5970301850048683,1027,13,2.0307692307692307,0.7577448747152616,0.8961538461538459,0.8961538461538456,91,1,1.1901443298969072,0.9678088934934868,299,411,0.003115686805743701,0.2264279753820036,0.0031537459893576938,0.00712179906847465,0.21784631351029876,0.2331353351199313,0.09781614723650953,0.2557423233623988,0.003076041123490517,0.012727292947925694,0.01058839297681276,0.0021388999711129354,0.003397627920217714,0.8548451950140732,0.90967389399235,0.6407010710808179,0.6416747809152873
3,marginal_crps_ce_ensemble_mean,0.31529385252515696,0.23642430201198117,0.4265255172101209,0.3572719186003669,0.6674856271127886,0.6314836689822093,-0.6110120030535292,1027,13,2.05515251781543,0.7611615805586163,0.9043194667231206,0.9043194667231205,91,1,1.1620327951585152,0.9674068212706226,241,368,0.002511306087572682,0.22516064557188922,0.0031469070624881826,0.007126260623016024,0.2168185829299826,0.23207602322285734,0.09749876660841876,0.25363905313961527,0.003078058205361433,0.013065691950362425,0.01058839297681276,0.0024772989735496655,0.0035802044751202353,0.8593506747909643,0.9121792294289278,0.6358325219084713,0.6368062317429406
3,marginal_crps_ce_ensemble_median,0.31247770457661894,0.25,0.42788239162864616,0.3507824490651481,0.6590555014605647,0.6226804934861103,-0.5901168451801361,1027,13,2.0615384615384618,0.7502277904328015,0.8697802197802196,0.8697802197802192,91,1,1.1838556701030927,0.9606184748829268,306,417,0.003188629306212617,0.22516064557188922,0.0031469070624881826,0.007126260623016024,0.2168185829299826,0.23207602322285734,0.09749876660841876,0.25363905313961527,0.003078058205361433,0.013065691950362425,0.01058839297681276,0.0024772989735496655,0.0035802044751202353,0.8593506747909643,0.9121792294289278,0.6358325219084713,0.6368062317429406
3,ranked_bce_ce_seed20261009_mean,0.3148774336187627,0.23764661072295112,0.4244941695933116,0.35645285469199317,0.6640631142038685,0.6270580379996936,-0.6052552746608191,1027,13,2.08412182514855,0.7596076303726702,0.9068271451630705,0.9068271451630706,91,1,1.1503810233052614,0.9666092370894732,249,375,0.002594668945251443,0.224665477645383,0.003172381401715931,0.0072201838591193414,0.21627526701606767,0.23163905394558315,0.09776041550589849,0.25265677524332314,0.003151145595282565,0.013837955248423524,0.01058839297681276,0.003249562271610762,0.004044056474313119,0.8585671130906354,0.9118080686235089,0.6445959104186952,0.6455696202531646
3,ranked_bce_ce_seed20261009_median,0.312372542348417,0.25,0.4263568390889663,0.34975093644564204,0.6558422590068158,0.6171488965003713,-0.590214216163583,1027,13,2.119230769230769,0.7477220956719813,0.875274725274725,0.8752747252747247,91,1,1.1736082474226803,0.9587365289135095,313,418,0.003261571806681533,0.224665477645383,0.003172381401715931,0.0072201838591193414,0.21627526701606767,0.23163905394558315,0.09776041550589849,0.25265677524332314,0.003151145595282565,0.013837955248423524,0.01058839297681276,0.003249562271610762,0.004044056474313119,0.8585671130906354,0.9118080686235089,0.6445959104186952,0.6455696202531646
3,ranked_bce_ce_seed20261010_mean,0.3141253504234862,0.2372722377447558,0.4236909231162854,0.35504944032454994,0.6797666391053927,0.6464877985778753,-0.6303423943205587,1027,13,2.0561489398491046,0.7755502195860768,0.9653578764229616,0.9653578764229616,91,1,1.1495928467296679,0.9618968192742309,232,352,0.0024175228726840757,0.22427542866047442,0.0031352008158239265,0.0071350439512248,0.21582588987168097,0.23104294872737297,0.09719078134398716,0.2521504542198113,0.0030502327780089094,0.012736513979374697,0.01058839297681276,0.0021481210025619387,0.0034226345788191093,0.8571443300031961,0.9114987679523264,0.6445959104186952,0.6455696202531646
3,ranked_bce_ce_seed20261010_median,0.31151887249595334,0.25,0.4251950193629339,0.348926963222305,0.6769717624148003,0.6424118219450411,-0.6128042843232714,1027,13,2.071153846153846,0.7686788154897491,0.9368131868131865,0.9368131868131865,91,1,1.1716082474226805,0.9566144412077892,275,401,0.002865598232707417,0.22427542866047442,0.0031352008158239265,0.0071350439512248,0.21582588987168097,0.23104294872737297,0.09719078134398716,0.2521504542198113,0.0030502327780089094,0.012736513979374697,0.01058839297681276,0.0021481210025619387,0.0034226345788191093,0.8571443300031961,0.9114987679523264,0.6445959104186952,0.6455696202531646
3,ranked_bce_ce_ensemble_mean,0.3136034888835806,0.23653412140844976,0.422876397880323,0.35491908821994755,0.6697394811408538,0.6347489226671051,-0.6177988344906888,1027,13,2.0660575504424914,0.7639599069339442,0.9304531095098453,0.930453109509845,91,1,1.1467602469276068,0.9636711679544613,236,368,0.0024592043015234564,0.2236362948331201,0.0031365765551169115,0.007129626821898522,0.21521642012409503,0.23042838738566662,0.09708296883839085,0.25152513749364946,0.003072128529083311,0.013287234609935287,0.01058839297681276,0.0026988416331225275,0.003733345524643738,0.8607837679007764,0.9138082129638221,0.6494644595910418,0.6504381694255112
3,ranked_bce_ce_ensemble_median,0.31094460424979126,0.25,0.4243846147034475,0.3484335098915031,0.6646056475170398,0.627886220512766,-0.6006329113924048,1027,13,2.092307692307692,0.7556947608200453,0.9038461538461537,0.9038461538461534,91,1,1.1681443298969072,0.9569333984235392,288,407,0.0030010628764354044,0.2236362948331201,0.0031365765551169115,0.007129626821898522,0.21521642012409503,0.23042838738566662,0.09708296883839085,0.25152513749364946,0.003072128529083311,0.013287234609935287,0.01058839297681276,0.0026988416331225275,0.003733345524643738,0.8607837679007764,0.9138082129638221,0.6494644595910418,0.6504381694255112
5,raw_mean,0.3313551622494172,0.23875341740665146,0.4565283517879026,0.3671409397076745,0.651258460263277,0.6188041254917914,-0.5710740664876681,1027,13,2.0923631381988024,0.7114442921899554,0.762985455969831,0.7629854559698311,91,1,1.2563376202940006,0.9447963729825459,635,478,0.0066169268282516725,,,,,,,,,,,,,,,,
5,raw_median,0.3310254348251936,0.25,0.4635026478525327,0.3650230592616777,0.6868062317429405,0.6548982373511888,-0.5218597857838362,1027,13,2.128846153846154,0.7561503416856491,0.8598901098901097,0.8598901098901096,91,1,1.2909278350515465,0.9492836541289522,752,507,0.007836108621803556,,,,,,,,,,,,,,,,
5,huber_ce_seed20261009_mean,0.28782265192745254,0.20561496168814264,0.40307658470423113,0.3193747429411997,0.5014356202846243,0.4569888924387579,-0.3822250649935114,1027,13,1.9046815573792726,0.5712932019528092,0.5915435825518682,0.5915435825518681,91,1,1.1483908276103632,0.8872587928039305,592,599,0.006168851468228331,0.2080265083631278,0.0034817305706448002,0.008046344384397257,0.19955659345855956,0.21593975253318656,0.0920841884743139,0.22942075998942982,0.004076534565901511,0.01887578619720515,0.01058839297681276,0.008287393220392392,0.006790257700921966,0.854566824410009,0.9110863670574165,0.7906523855890945,0.7906523855890945
5,huber_ce_seed20261009_median,0.2878841772086646,0.15000000000000036,0.4073133476661846,0.31599401959903306,0.5175754625121713,0.47118105704858526,-0.35798442064264824,1027,13,1.9346153846153844,0.6028473804100226,0.662087912087912,0.6620879120879117,91,1,1.1717319587628865,0.8804345686939647,679,638,0.007075422545484859,0.2080265083631278,0.0034817305706448002,0.008046344384397257,0.19955659345855956,0.21593975253318656,0.0920841884743139,0.22942075998942982,0.004076534565901511,0.01887578619720515,0.01058839297681276,0.008287393220392392,0.006790257700921966,0.854566824410009,0.9110863670574165,0.7906523855890945,0.7906523855890945
5,huber_ce_seed20261010_mean,0.28612052629178375,0.20355672265950353,0.4014655535134695,0.3172172901153289,0.4795002303633869,0.43853553871550427,-0.39869339170556845,1027,13,1.8857093251439951,0.5130853634405848,0.5088711384287798,0.5088711384287798,91,1,1.1505187088591389,0.8850590501426625,585,599,0.006095908967759415,0.20687302414720257,0.00325670906289733,0.007814844964535772,0.1984377946375795,0.21387163842756401,0.09090613048043891,0.2279276658410819,0.003912475636629164,0.01789068955671308,0.01058839297681276,0.0073022965799003185,0.006171731323882396,0.8554947264235563,0.9131277514872207,0.801363193768257,0.801363193768257
5,huber_ce_seed20261010_median,0.28571907251038736,0.15000000000000036,0.405241076808752,0.31356387135555697,0.4827166504381693,0.4430501241630649,-0.37950340798442045,1027,13,1.9249999999999996,0.507175398633257,0.46318681318681265,0.46318681318681276,91,1,1.174680412371134,0.8784531682869636,641,624,0.0066794489715107435,0.20687302414720257,0.00325670906289733,0.007814844964535772,0.1984377946375795,0.21387163842756401,0.09090613048043891,0.2279276658410819,0.003912475636629164,0.01789068955671308,0.01058839297681276,0.0073022965799003185,0.006171731323882396,0.8554947264235563,0.9131277514872207,0.801363193768257,0.801363193768257
5,huber_ce_ensemble_mean,0.2861885231035746,0.20378992535220153,0.40121875740636503,0.31760762054619174,0.4869096083899442,0.44427828147608095,-0.39045922834953994,1027,13,1.8940506433878415,0.5357886811167308,0.52992977713498,0.5299297771349801,91,1,1.1467380515808512,0.8858267269077242,590,596,0.00614801075380864,0.20673269604238015,0.003330286626808943,0.007885649210985645,0.1982801238339096,0.21402390341357927,0.09112630822220318,0.22795675768258108,0.0039686801175065145,0.018383237876095065,0.01058839297681276,0.0077948448992823036,0.0064809945123133665,0.8572989803387874,0.9138597630756858,0.7964946445959105,0.7964946445959105
5,huber_ce_ensemble_median,0.2859242419556051,0.15000000000000036,0.4051034138229937,0.31404636138109804,0.4906037000973709,0.44777648132148673,-0.3718111002921127,1027,13,1.923076923076923,0.5395216400911158,0.5324175824175822,0.5324175824175822,91,1,1.1696494845360825,0.8788455182782602,658,628,0.006856595044078111,0.20673269604238015,0.003330286626808943,0.007885649210985645,0.1982801238339096,0.21402390341357927,0.09112630822220318,0.22795675768258108,0.0039686801175065145,0.018383237876095065,0.01058839297681276,0.0077948448992823036,0.0064809945123133665,0.8572989803387874,0.9138597630756858,0.7964946445959105,0.7964946445959105
5,crps_ce_seed20261009_mean,0.28619813741519007,0.20717272050939073,0.3962472571648743,0.3225583958614157,0.5787055135311054,0.5343689900321699,-0.5141620376738434,1027,13,1.9150239889397025,0.6332592007183809,0.5979578324771431,0.597957832477143,91,1,1.1166668215527906,0.9024122049743009,254,443,0.002646770731300669,0.2057580953060971,0.002857539514240503,0.0067093388760798706,0.19594500707095863,0.20984511067919917,0.08916445176544403,0.23028044122303912,0.0028934907966203845,0.013651965730479425,0.01058839297681276,0.0030635727536666665,0.003601442923374155,0.8441846318806512,0.9099007144845505,0.6923076923076923,0.6923076923076923
5,crps_ce_seed20261009_median,0.2843169094676936,0.15000000000000036,0.39817796777214587,0.31671177667384165,0.5724926971762413,0.527969110964135,-0.49673807205452747,1027,13,1.9499999999999995,0.6269931662870157,0.5642857142857138,0.5642857142857138,91,1,1.1363711340206186,0.893244896848422,311,485,0.003240731092261843,0.2057580953060971,0.002857539514240503,0.0067093388760798706,0.19594500707095863,0.20984511067919917,0.08916445176544403,0.23028044122303912,0.0028934907966203845,0.013651965730479425,0.01058839297681276,0.0030635727536666665,0.003601442923374155,0.8441846318806512,0.9099007144845505,0.6923076923076923,0.6923076923076923
5,crps_ce_seed20261010_mean,0.28521129526270034,0.2070316780650281,0.39546594517144545,0.32018056062760764,0.5823426247392237,0.5400646243185098,-0.5199125454124603,1027,13,1.9065645997594487,0.6303840987639666,0.6065242989137615,0.6065242989137615,91,1,1.1188713737479052,0.8925761780835891,254,461,0.002646770731300669,0.2053401219382398,0.0028394220747841384,0.006718242946158158,0.19556725078744697,0.2093833061644766,0.08872622911872442,0.22918241755737193,0.002977210593824034,0.013540489943794974,0.01058839297681276,0.0029520969669822174,0.0036017003430713,0.8446795129545431,0.9109626467889436,0.6923076923076923,0.6932814021421616
5,crps_ce_seed20261010_median,0.2836178899508212,0.15000000000000036,0.3981005401721618,0.31536623955191545,0.5746348588120739,0.5329541122498556,-0.497517039922103,1027,13,1.926923076923077,0.6130979498861044,0.5565934065934061,0.556593406593406,91,1,1.1429072164948455,0.8867742948141825,336,503,0.0035012400225079717,0.2053401219382398,0.0028394220747841384,0.006718242946158158,0.19556725078744697,0.2093833061644766,0.08872622911872442,0.22918241755737193,0.002977210593824034,0.013540489943794974,0.01058839297681276,0.0029520969669822174,0.0036017003430713,0.8446795129545431,0.9109626467889436,0.6923076923076923,0.6932814021421616
5,crps_ce_ensemble_mean,0.2849138567105577,0.20645315630230288,0.39477162377025543,0.3206517741388101,0.5789751868375148,0.535565342176145,-0.5170372915431519,1027,13,1.907677897992476,0.6293782114100913,0.597256599913178,0.5972565999131779,91,1,1.1145996872024595,0.8971528095673982,246,448,0.0025634078736219076,0.20477622278620644,0.002828705425108743,0.006671829774010177,0.19498324309302997,0.20875382888098615,0.08857772370437189,0.2289358954351896,0.0029104666783048806,0.01359622783606084,0.01058839297681276,0.0030078348592480803,0.003601571633200239,0.84714360830163,0.9123132597197736,0.697176241480039,0.697176241480039
5,crps_ce_ensemble_median,0.28298382357489715,0.15000000000000036,0.39676740791790843,0.3150064767144807,0.5714216163583251,0.5276368535892333,-0.497419668938656,1027,13,1.9346153846153844,0.617425968109339,0.5543956043956038,0.5543956043956038,91,1,1.1355876288659794,0.8884490971222302,318,498,0.0033136735927307586,0.20477622278620644,0.002828705425108743,0.006671829774010177,0.19498324309302997,0.20875382888098615,0.08857772370437189,0.2289358954351896,0.0029104666783048806,0.01359622783606084,0.01058839297681276,0.0030078348592480803,0.003601571633200239,0.84714360830163,0.9123132597197736,0.697176241480039,0.697176241480039
5,tail_crps_ce_seed20261009_mean,0.287595096565321,0.2079209037335792,0.39765260018755083,0.32438008187905487,0.5912644345376625,0.5473757386474504,-0.5122963322680634,1027,13,1.9278197624065143,0.6561897219627274,0.6439922151593677,0.6439922151593678,91,1,1.117477478526589,0.9046299675568122,232,420,0.0024175228726840757,0.20693203732601392,0.002891453313985598,0.006578013983568797,0.19702411912899437,0.21102865444686766,0.08955018486675174,0.231816135313628,0.0027762711027781604,0.013232655580176103,0.01058839297681276,0.00264426260336334,0.0033752855282316286,0.8438753312094687,0.9092305630303218,0.6874391431353457,0.688412852969815
5,tail_crps_ce_seed20261009_median,0.2859036219108596,0.15000000000000036,0.3997215647069902,0.31870622676171934,0.5879746835443037,0.5441899666162263,-0.49225900681596857,1027,13,1.9615384615384615,0.654783599088838,0.6412087912087909,0.6412087912087907,91,1,1.1365567010309279,0.8956133452522741,296,468,0.0030844257341141653,0.20693203732601392,0.002891453313985598,0.006578013983568797,0.19702411912899437,0.21102865444686766,0.08955018486675174,0.231816135313628,0.0027762711027781604,0.013232655580176103,0.01058839297681276,0.00264426260336334,0.0033752855282316286,0.8438753312094687,0.9092305630303218,0.6874391431353457,0.688412852969815
5,tail_crps_ce_seed20261010_mean,0.28617509385506845,0.20808319786137375,0.3965324507723289,0.3212225034013132,0.5888093124293752,0.5447135560563482,-0.5272027242340488,1027,13,1.916614903511383,0.6412323834023614,0.6293573823319583,0.6293573823319583,91,1,1.1198594854969235,0.8944380277310879,253,451,0.002636350374090824,0.20593179163604242,0.0027977850794677706,0.006612449297597027,0.19614960275701476,0.2097997281402704,0.08891335917284476,0.2297145202262455,0.00289257255071506,0.013262597489042424,0.01058839297681276,0.0026742045122296644,0.0034515199271096817,0.8451640840060622,0.9108698565875888,0.6786757546251218,0.6786757546251218
5,tail_crps_ce_seed20261010_median,0.28450248987040305,0.15000000000000036,0.398689285162427,0.3159218356914766,0.5801850048685491,0.5367716098183138,-0.5061830574488799,1027,13,1.9615384615384612,0.6219817767653755,0.5653846153846148,0.5653846153846147,91,1,1.1411958762886598,0.8835773606529783,316,500,0.0032928328783110687,0.20593179163604242,0.0027977850794677706,0.006612449297597027,0.19614960275701476,0.2097997281402704,0.08891335917284476,0.2297145202262455,0.00289257255071506,0.013262597489042424,0.01058839297681276,0.0026742045122296644,0.0034515199271096817,0.8451640840060622,0.9108698565875888,0.6786757546251218,0.6786757546251218
5,tail_crps_ce_ensemble_mean,0.2861340115077165,0.20756101418867878,0.3960315893088407,0.32211665209287466,0.5875477404301948,0.5435853131708009,-0.519749528251056,1027,13,1.9194573424343195,0.6448214523616165,0.6208672267534984,0.6208672267534981,91,1,1.1156784393719361,0.8992886170998734,236,446,0.0024592043015234564,0.20568753973597081,0.0028216982716241187,0.006554295307454357,0.19584248619862205,0.20956994558201314,0.08887939284122094,0.2299919852216566,0.0028111095620882206,0.01324762653640551,0.01058839297681276,0.0026592335595927523,0.003413402728837323,0.8468652376975658,0.9120142690709638,0.6874391431353457,0.6874391431353457
5,tail_crps_ce_ensemble_median,0.28434783953481185,0.15000000000000036,0.39800341068585254,0.3164262117764355,0.578627069133398,0.5354059873110673,-0.5003407984420639,1027,13,1.9673076923076922,0.6288154897494301,0.5774725274725271,0.577472527472527,91,1,1.1358969072164948,0.8888555362696021,306,488,0.003188629306212617,0.20568753973597081,0.0028216982716241187,0.006554295307454357,0.19584248619862205,0.20956994558201314,0.08887939284122094,0.2299919852216566,0.0028111095620882206,0.01324762653640551,0.01058839297681276,0.0026592335595927523,0.003413402728837323,0.8468652376975658,0.9120142690709638,0.6874391431353457,0.6874391431353457
5,marginal_crps_ce_seed20261009_mean,0.29015211365527116,0.21002951060861663,0.40144817515942743,0.32764383967097543,0.5684651239240471,0.5238585988836362,-0.4975260684345038,1027,13,1.8890214175707145,0.6321377977319071,0.583695566076377,0.583695566076377,91,1,1.1288542058858744,0.9085370038854437,239,451,0.002490465373152992,0.2084962729592005,0.002871047476304974,0.006624215999323557,0.19825851480569748,0.21218255394064256,0.08996747027320218,0.23387390433414873,0.002884877427764441,0.013831698712603266,0.01058839297681276,0.003243305735790506,0.003774275301197159,0.8411741053478086,0.9086944418669388,0.6893865628042843,0.6893865628042843
5,marginal_crps_ce_seed20261009_median,0.2882439969894735,0.24999999999999956,0.40338313533532844,0.3217445709207275,0.564410905550146,0.5198460443005071,-0.48446932814021393,1027,13,1.9134615384615385,0.6244874715261955,0.5478021978021974,0.5478021978021973,91,1,1.1494020618556702,0.8997843684351812,300,488,0.003126107162953546,0.2084962729592005,0.002871047476304974,0.006624215999323557,0.19825851480569748,0.21218255394064256,0.08996747027320218,0.23387390433414873,0.002884877427764441,0.013831698712603266,0.01058839297681276,0.003243305735790506,0.003774275301197159,0.8411741053478086,0.9086944418669388,0.6893865628042843,0.6893865628042843
5,marginal_crps_ce_seed20261010_mean,0.2875269431490202,0.20854827090622752,0.3980526518442173,0.323113320228318,0.5916719663188367,0.5480401883534702,-0.5280515461295688,1027,13,1.912538935469411,0.644844310481929,0.6016856759782635,0.6016856759782634,91,1,1.121418708944914,0.9002992732762989,225,446,0.0023445803722151595,0.20663698999300814,0.0028100349427892203,0.006585869175340741,0.19675637096545906,0.21045723989242532,0.0889069558928491,0.23096585001003192,0.002883652434619322,0.01296876014182669,0.01058839297681276,0.002380367165013932,0.003306466798811586,0.8429061891064303,0.9103955955584424,0.6815968841285297,0.682570593962999
5,marginal_crps_ce_seed20261010_median,0.2858366067654367,0.15000000000000036,0.40082064143591073,0.3180203883156625,0.5819376825705939,0.5380256981299895,-0.5078383641674779,1027,13,1.9519230769230769,0.6269931662870157,0.5489010989010985,0.5489010989010983,91,1,1.146618556701031,0.8945156869930694,297,494,0.0030948460913240105,0.20663698999300814,0.0028100349427892203,0.006585869175340741,0.19675637096545906,0.21045723989242532,0.0889069558928491,0.23096585001003192,0.002883652434619322,0.01296876014182669,0.01058839297681276,0.002380367165013932,0.003306466798811586,0.8429061891064303,0.9103955955584424,0.6815968841285297,0.682570593962999
5,marginal_crps_ce_ensemble_mean,0.28806261551828805,0.20883268074644556,0.3986651498385375,0.32470012132129183,0.5790649833476516,0.5349001773595708,-0.5127888072820362,1027,13,1.8978258159998553,0.6377034261410234,0.59057306209257,0.59057306209257,91,1,1.1219135390516912,0.9038540308969857,229,442,0.00238626180105454,0.20677543536774853,0.002820468576210266,0.006560660576382375,0.19671624677585994,0.21043953387133715,0.08904362742299628,0.23162982221256448,0.002858469094932934,0.0134002294270754,0.01058839297681276,0.00281183645026264,0.003540371050145876,0.8448444733125071,0.9117771385563906,0.6874391431353457,0.688412852969815
5,marginal_crps_ce_ensemble_median,0.28607579928448446,0.15000000000000036,0.40087542615680855,0.31905252135215695,0.5716163583252191,0.5271260907823236,-0.4952775073028235,1027,13,1.9346153846153844,0.6238041002277901,0.5467032967032962,0.5467032967032961,91,1,1.1444123711340206,0.8962744432361444,295,493,0.00307400537690432,0.20677543536774853,0.002820468576210266,0.006560660576382375,0.19671624677585994,0.21043953387133715,0.08904362742299628,0.23162982221256448,0.002858469094932934,0.0134002294270754,0.01058839297681276,0.00281183645026264,0.003540371050145876,0.8448444733125071,0.9117771385563906,0.6874391431353457,0.688412852969815
5,ranked_bce_ce_seed20261009_mean,0.28804859065319355,0.20970340747202976,0.3972061290317358,0.3249991094295107,0.568004302728951,0.5236141461609095,-0.5051050688693197,1027,13,1.9152456843916936,0.6173317366777996,0.575005143239281,0.5750051432392809,91,1,1.112790462272242,0.9039593217174772,273,465,0.002844757518287727,0.20660560817562715,0.0028327295625099357,0.0067836097725588,0.19671732463081856,0.2105272361597498,0.08963626626100916,0.23136388686789974,0.002956042054277395,0.014344460257046462,0.01058839297681276,0.0037560672802337005,0.004033242015683353,0.8437103708515048,0.9109729568113163,0.7137293086660176,0.7147030185004869
5,ranked_bce_ce_seed20261009_median,0.28632117781695593,0.24999999999999956,0.39940650789072285,0.3190755773810781,0.562950340798442,0.518583056232194,-0.4917721518987339,1027,13,1.936538461538461,0.6094533029612753,0.5390109890109884,0.5390109890109884,91,1,1.134041237113402,0.8942376397036615,335,507,0.0034908196652981265,0.20660560817562715,0.0028327295625099357,0.0067836097725588,0.19671732463081856,0.2105272361597498,0.08963626626100916,0.23136388686789974,0.002956042054277395,0.014344460257046462,0.01058839297681276,0.0037560672802337005,0.004033242015683353,0.8437103708515048,0.9109729568113163,0.7137293086660176,0.7147030185004869
5,ranked_bce_ce_seed20261010_mean,0.28708975674407516,0.20966346629273236,0.39583056380914455,0.32312460063615717,0.5721588403703505,0.5330003196693941,-0.5037100828941228,1027,13,1.8651617777814204,0.6097378385718893,0.551670314191527,0.5516703141915272,91,1,1.11274966980143,0.8955331709267511,247,460,0.002573828230831753,0.20601856460865817,0.002788379847468017,0.006570931060284842,0.19590132263221532,0.20946423185698962,0.08867986681883852,0.23045904179847915,0.0028567221610240816,0.013355732045571271,0.01058839297681276,0.002767339068758511,0.00350675217119814,0.8448341632901344,0.9128493808831565,0.7166504381694255,0.7166504381694255
5,ranked_bce_ce_seed20261010_median,0.2853922448011713,0.24999999999999956,0.3983291541934506,0.31806276981934667,0.568500486854917,0.5308224029709988,-0.48787731256085654,1027,13,1.8846153846153844,0.5964692482915714,0.5005494505494501,0.50054945054945,91,1,1.1371546391752576,0.8859872954986974,296,501,0.0030844257341141653,0.20601856460865817,0.002788379847468017,0.006570931060284842,0.19590132263221532,0.20946423185698962,0.08867986681883852,0.23045904179847915,0.0028567221610240816,0.013355732045571271,0.01058839297681276,0.002767339068758511,0.00350675217119814,0.8448341632901344,0.9128493808831565,0.7166504381694255,0.7166504381694255
5,ranked_bce_ce_ensemble_mean,0.28669917977477044,0.20885862736291294,0.395254751746191,0.3232822873524505,0.5685178082640948,0.5266149986947185,-0.5044075758817214,1027,13,1.886519947963426,0.6121597222558278,0.5608948543121477,0.5608948543121478,91,1,1.1090289642240678,0.8994368119846302,250,463,0.0026050893024612883,0.20544478311874742,0.002788507629082943,0.0066173137826992,0.1954420203606872,0.20902825110720516,0.08873412638539621,0.23002161090445988,0.0028731272296798126,0.013850096153116566,0.01058839297681276,0.003261703176303807,0.0037699970958614917,0.847638489375522,0.9144371243285598,0.7147030185004869,0.7156767283349562
5,ranked_bce_ce_ensemble_median,0.28463342715453693,0.15000000000000036,0.39722292427644695,0.3173578897445751,0.562950340798442,0.5212897070324249,-0.48758519961051583,1027,13,1.9057692307692307,0.600797266514806,0.5137362637362631,0.5137362637362631,91,1,1.1310927835051547,0.8893107527710434,314,506,0.0032719921638913784,0.20544478311874742,0.002788507629082943,0.0066173137826992,0.1954420203606872,0.20902825110720516,0.08873412638539621,0.23002161090445988,0.0028731272296798126,0.013850096153116566,0.01058839297681276,0.003261703176303807,0.0037699970958614917,0.847638489375522,0.9144371243285598,0.7147030185004869,0.7156767283349562
