name,records,events,mae,medae,rmse,event_macro_mae,cvar95,fp4,tp4,fpr4,m4_events,m4_records,m4_mae,m4_event_macro_mae,m4_bias,m4.5_events,m4.5_records,m4.5_mae,m4.5_event_macro_mae,m4.5_bias,m5_events,m5_records,m5_mae,m5_event_macro_mae,m5_bias,m6_events,m6_records,m6_mae,m6_event_macro_mae,m6_bias,crps,event_macro_crps,nll,nll_zero_target_probabilities,nll_status,nll_finite_part_mean
crps_ce_seed20261009_mean,96993,3711,0.3779435077293245,0.28948221810944874,0.5013736808157289,0.4348802506946259,1.3149695259382832,209,251,0.002177854656857637,13,1027,0.8819841019004165,0.8482011401458363,-0.8438126496140125,5,439,1.0462271320578953,1.0145566833167243,-0.9952321896582499,1,91,1.4092826624644428,1.4092826624644426,-1.371253994001437,0,0,,,,0.2691798343303853,0.3083055863634057,2.845090704566714,0,finite,2.845090704566714
crps_ce_seed20261009_median,96993,3711,0.3747450846968339,0.25,0.5037207809681239,0.42921948788795006,1.3347835051546393,264,271,0.0027509743033991207,13,1027,0.8820350535540405,0.8490389858402008,-0.8436708860759492,5,439,1.0395216400911158,1.006938197164679,-0.9941913439635531,1,91,1.4049450549450544,1.4049450549450546,-1.3807692307692303,0,0,,,,0.2691798343303853,0.3083055863634057,2.845090704566714,0,finite,2.845090704566714
crps_ce_seed20261010_mean,96993,3711,0.3759703788935272,0.2851555925434641,0.5010133797211083,0.4278780546036716,1.3225967774338019,214,244,0.002229956442906863,13,1027,0.8840014504981057,0.8507342986274379,-0.8450162952442359,5,439,1.044836246024664,1.01386921357601,-0.9926530429609006,1,91,1.4044283035545562,1.4044283035545562,-1.367054472824104,0,0,,,,0.268494018117367,0.30402008401771385,2.84295069748004,0,finite,2.84295069748004
crps_ce_seed20261010_median,96993,3711,0.37365737733650883,0.25,0.5043824775174625,0.42309542855096516,1.346618556701031,259,263,0.002698872517349895,13,1027,0.8854430379746834,0.8535403374186304,-0.846884128529698,5,439,1.040432801822323,1.0091489249805163,-0.9925968109339403,1,91,1.4115384615384607,1.4115384615384607,-1.3862637362637358,0,0,,,,0.268494018117367,0.30402008401771385,2.84295069748004,0,finite,2.84295069748004
crps_ce_ensemble_mean,96993,3711,0.3764543085035788,0.2869278459810136,0.5005737929615022,0.43074592264234446,1.3173664473461402,215,245,0.0022403768001167082,13,1027,0.8828669940782304,0.8493070477277997,-0.8444144724291242,5,439,1.045478345894229,1.014148055024634,-0.9939426163095754,1,91,1.4068554830094995,1.4068554830094995,-1.3691542334127706,0,0,,,,0.26839701789439596,0.30558291744125404,2.8416077227647665,0,finite,2.8416077227647665
crps_ce_ensemble_median,96993,3711,0.37371202045508445,0.25,0.5034497152513906,0.4255791678181727,1.3394639175257732,256,268,0.0026676114457203593,13,1027,0.8832035053554038,0.8500805212962305,-0.8436708860759491,5,439,1.0399772209567195,1.008013148044223,-0.9921412300683367,1,91,1.41043956043956,1.41043956043956,-1.3862637362637358,0,0,,,,0.26839701789439596,0.30558291744125404,2.8416077227647665,0,finite,2.8416077227647665
context_ce_seed20261009_mean,96993,3711,0.3774096437515445,0.28938100834669367,0.5004576202484539,0.4347658266274268,1.3123182577917978,192,224,0.0020007085842902693,13,1027,0.8999376464157638,0.865935600962368,-0.8633758946310027,5,439,1.067625189527986,1.0360153166439732,-1.0153480793255856,1,91,1.419278620586098,1.4192786205860974,-1.3835314831484598,0,0,,,,0.2687456952147035,0.30793406780498944,2.84033091805795,0,finite,2.84033091805795
context_ce_seed20261009_median,96993,3711,0.37449145814646423,0.25,0.5031358829393957,0.42889635018554295,1.3336288659793816,234,258,0.002438363587103766,13,1027,0.8979065238558906,0.8649162542514583,-0.8598344693281399,5,439,1.055694760820045,1.0235779760822241,-1.0080865603644642,1,91,1.41043956043956,1.41043956043956,-1.3851648351648347,0,0,,,,0.2687456952147035,0.30793406780498944,2.84033091805795,0,finite,2.84033091805795
context_ce_seed20261010_mean,96993,3711,0.37526911387980627,0.28468035276146697,0.49982722735702284,0.42735799488732673,1.3175490040515956,192,229,0.0020007085842902693,13,1027,0.8945864680330105,0.8620936745244734,-0.8550843001087456,5,439,1.0586382789458653,1.0288844150871665,-1.0001520306485647,1,91,1.4099107059169669,1.4099107059169667,-1.3643220976505945,0,0,,,,0.268009580576917,0.3035487553153304,2.8389045376390603,0,finite,2.8389045376390603
context_ce_seed20261010_median,96993,3711,0.373395502768241,0.25,0.5036679714491415,0.422712168833149,1.3427628865979382,233,260,0.002427943229893921,13,1027,0.8944011684518011,0.8630934871807241,-0.8529211295034078,5,439,1.0511389521640087,1.0209560030371452,-0.9948747152619585,1,91,1.4060439560439557,1.4060439560439557,-1.3642857142857139,0,0,,,,0.268009580576917,0.3035487553153304,2.8389045376390603,0,finite,2.8389045376390603
context_ce_ensemble_mean,96993,3711,0.37586374168659714,0.2864899829871186,0.4995620746251948,0.4304341963067572,1.3135043777134512,189,228,0.001969447512660734,13,1027,0.8970114539199793,0.8637280319007041,-0.8592300973698742,5,439,1.0629483506132702,1.032254182055059,-1.007750054987075,1,91,1.4143184759282597,1.4143184759282599,-1.3739267903995271,0,0,,,,0.2679574180514541,0.30515727713429547,2.837238965984244,0,finite,2.837238965984244
context_ce_ensemble_median,96993,3711,0.37352231604342584,0.25,0.5029128857112077,0.4252166051534753,1.33719587628866,227,260,0.00236542108663485,13,1027,0.8959591041869521,0.8634328428739034,-0.856913339824732,5,439,1.054783599088838,1.0236041161031384,-1.0037585421412296,1,91,1.409340659340659,1.4093406593406588,-1.3818681318681312,0,0,,,,0.2679574180514541,0.30515727713429547,2.837238965984244,0,finite,2.837238965984244
shuffled_ce_seed20261009_mean,96993,3711,0.37688609866694667,0.2894320956984475,0.49976346876040867,0.43088729453114943,1.3115565803525517,213,244,0.002219536085697018,13,1027,0.8861172741778602,0.8519659495019337,-0.8485716724964611,5,439,1.0501414713460744,1.0185145240646867,-1.001057802462061,1,91,1.4042985649277033,1.4042985649277036,-1.371389980731324,0,0,,,,0.2683821201113353,0.30525076124112305,2.8434326818091176,0,finite,2.8434326818091176
shuffled_ce_seed20261009_median,96993,3711,0.3736140752425433,0.25,0.5023110376067217,0.4246405429779585,1.333237113402062,265,281,0.002761394660608966,13,1027,0.8837877312560856,0.8507858412714898,-0.8449367088607592,5,439,1.0413439635535304,1.0088158591031549,-0.9966970387243732,1,91,1.3950549450549445,1.3950549450549448,-1.3719780219780215,0,0,,,,0.2683821201113353,0.30525076124112305,2.8434326818091176,0,finite,2.8434326818091176
shuffled_ce_seed20261010_mean,96993,3711,0.37705312434540245,0.2857764121069799,0.502168816334498,0.4318694100358764,1.323475849276641,207,239,0.002157013942437947,13,1027,0.8867723636787177,0.85413302301893,-0.8466683921612629,5,439,1.0491048470038569,1.0184351699246557,-0.9934833976431876,1,91,1.4085544033592003,1.408554403359201,-1.3680693526395031,0,0,,,,0.26933008067051323,0.3069195559398585,2.844716804471163,0,finite,2.844716804471163
shuffled_ce_seed20261010_median,96993,3711,0.37504613735011805,0.25,0.5058349592611636,0.42745624382752695,1.34719587628866,248,261,0.002584248588041598,13,1027,0.8863193768257057,0.8550811491934271,-0.8462025316455694,5,439,1.0411161731207286,1.009852035563953,-0.9896355353075166,1,91,1.412637362637362,1.412637362637362,-1.378571428571428,0,0,,,,0.26933008067051323,0.3069195559398585,2.844716804471163,0,finite,2.844716804471163
shuffled_ce_ensemble_mean,96993,3711,0.3764432568035573,0.2870151617076906,0.5002757824421034,0.4307833804599059,1.315605154687705,207,236,0.002157013942437947,13,1027,0.8862619794942695,0.85285503046867,-0.847620032328862,5,439,1.0494821242734067,1.018309990263691,-0.9972706000526244,1,91,1.4062933157865802,1.4062933157865802,-1.3697296666854137,0,0,,,,0.26839327195807516,0.30550803204477117,2.8414352426052627,0,finite,2.8414352426052627
shuffled_ce_ensemble_median,96993,3711,0.373826461703422,0.25,0.5032756157478421,0.42534197910197186,1.3376288659793814,254,270,0.002646770731300669,13,1027,0.8857351509250242,0.8524419949257336,-0.8464946445959101,5,439,1.0420273348519358,1.010150334234971,-0.9944191343963548,1,91,1.4060439560439557,1.4060439560439555,-1.3829670329670325,0,0,,,,0.26839327195807516,0.30550803204477117,2.8414352426052627,0,finite,2.8414352426052627
average_ce_seed20261009_mean,96993,3711,0.37688933286860804,0.28854507111629357,0.4999428453762567,0.4320937212169658,1.3128168629333123,214,245,0.002229956442906863,13,1027,0.8770465769080171,0.8418390389330784,-0.8393997625970543,5,439,1.0419401356301383,1.0091901586790823,-0.9920103140513356,1,91,1.3936223893412214,1.3936223893412216,-1.3601835399987834,0,0,,,,0.2682792109819491,0.30594725620498914,2.8413802711817038,0,finite,2.8413802711817038
average_ce_seed20261009_median,96993,3711,0.3735944862000351,0.25,0.5022240033210484,0.42580052802374335,1.3331340206185567,268,281,0.002792655732238501,13,1027,0.8732716650438167,0.8384234514166885,-0.8345180136319374,5,439,1.0310933940774483,0.9973689134526964,-0.9853075170842819,1,91,1.3818681318681314,1.3818681318681316,-1.3587912087912082,0,0,,,,0.2682792109819491,0.30594725620498914,2.8413802711817038,0,finite,2.8413802711817038
average_ce_seed20261010_mean,96993,3711,0.3755890292247885,0.2852737767515441,0.5003094661565053,0.42771516415497957,1.3201116478963253,216,245,0.002250797157326553,13,1027,0.881467408865476,0.8479100310281434,-0.840268235325828,5,439,1.041913275563116,1.0107991573578812,-0.9865613632941196,1,91,1.3956295401565182,1.3956295401565182,-1.3547013757452184,0,0,,,,0.2682584103496473,0.30397348094581644,2.841997833324911,0,finite,2.841997833324911
average_ce_seed20261010_median,96993,3711,0.37362541626715334,0.25,0.5041027687035007,0.423203156066821,1.3441030927835051,258,269,0.0026884521601400497,13,1027,0.880087633885102,0.8472903098310092,-0.839386562804284,5,439,1.03382687927107,1.002026022656103,-0.9846241457858764,1,91,1.3906593406593404,1.39065934065934,-1.3642857142857137,0,0,,,,0.2682584103496473,0.30397348094581644,2.841997833324911,0,finite,2.841997833324911
average_ce_ensemble_mean,96993,3711,0.37580618020310996,0.28669918970591857,0.49955471321592276,0.42939920926343034,1.3150261709678892,213,247,0.002219536085697018,13,1027,0.8790115454018393,0.8446669184269796,-0.8398339989614413,5,439,1.041717596162115,1.0097480679035518,-0.9892858386727277,1,91,1.39462596474887,1.3946259647488706,-1.357442457872001,0,0,,,,0.26787147311547876,0.3044610556202326,2.8392541352363323,0,finite,2.8392541352363323
average_ce_ensemble_median,96993,3711,0.3729892878867547,0.25,0.5023251997784063,0.4237766633170747,1.3363298969072166,263,277,0.0027405539461892755,13,1027,0.8749269717624145,0.8420638807380347,-0.8355890944498537,5,439,1.0299544419134392,0.9972620658365342,-0.9823462414578582,1,91,1.3884615384615377,1.3884615384615377,-1.3653846153846148,0,0,,,,0.26787147311547876,0.3044610556202326,2.8392541352363323,0,finite,2.8392541352363323
ranked_bce_ce_seed20261009_mean,96993,3711,0.378261168099053,0.29016384283453145,0.501072896841049,0.43735884024348065,1.3103548232932105,177,231,0.0018444032261425922,13,1027,0.8841628318639891,0.8495527727610188,-0.8500393390482952,5,439,1.0491040334427142,1.0166861376532013,-1.0027755660649678,1,91,1.4040640501012032,1.404064050101203,-1.3715065806111342,0,0,,,,0.2692512065037073,0.30972554177712275,2.83982607509871,0,finite,2.83982607509871
ranked_bce_ce_seed20261009_median,96993,3711,0.3754636932562144,0.25,0.504054499145614,0.4318612423602247,1.331958762886598,244,273,0.0025425671592022173,13,1027,0.8785296981499511,0.8456616126416221,-0.8425024342745859,5,439,1.0347380410022773,1.0018316365068425,-0.9925968109339403,1,91,1.3950549450549448,1.3950549450549445,-1.3741758241758237,0,0,,,,0.2692512065037073,0.30972554177712275,2.83982607509871,0,finite,2.83982607509871
ranked_bce_ce_seed20261010_mean,96993,3711,0.37583454430039825,0.2848117062474649,0.5003333506979193,0.4292269014429205,1.318149491350476,185,223,0.0019277660838213533,13,1027,0.8895984016018335,0.8567063514419474,-0.8501562740825807,5,439,1.048545585429779,1.0176466289106312,-0.9944103001988643,1,91,1.3919680237517833,1.3919680237517837,-1.3527170921120704,0,0,,,,0.26821619130484303,0.30477080606132867,2.837819638198306,0,finite,2.837819638198306
ranked_bce_ce_seed20261010_median,96993,3711,0.37370171043271166,0.25,0.5038398890913218,0.4243774002463858,1.3408247422680413,226,257,0.0023550007294250047,13,1027,0.888753651411879,0.8568774201701328,-0.8490262901655304,5,439,1.041571753986332,1.0101980387247176,-0.9894077448747148,1,91,1.3884615384615382,1.3884615384615382,-1.355494505494505,0,0,,,,0.26821619130484303,0.30477080606132867,2.837819638198306,0,finite,2.837819638198306
ranked_bce_ce_ensemble_mean,96993,3711,0.37644765606258157,0.2866844847367509,0.49997904307409513,0.4325097893350795,1.3126981120460037,188,225,0.001959027155450889,13,1027,0.8864710676799179,0.8526340472204125,-0.850097806565438,5,439,1.0482456931764907,1.0164631931948036,-0.9985929331319161,1,91,1.3980160369264933,1.3980160369264933,-1.3621118363616023,0,0,,,,0.26822387443554924,0.30654528188799873,2.8362237647430444,0,finite,2.8362237647430444
ranked_bce_ce_ensemble_median,96993,3711,0.3738903838421329,0.25,0.503027881002034,0.427036604265842,1.3344742268041239,232,266,0.0024175228726840757,13,1027,0.8817429406037,0.849145790204325,-0.8446445959104185,5,439,1.0363325740318903,1.0038184688579808,-0.991685649202733,1,91,1.3884615384615382,1.3884615384615382,-1.3642857142857139,0,0,,,,0.26822387443554924,0.30654528188799873,2.8362237647430444,0,finite,2.8362237647430444
properized_ad_ce_seed20261009_mean,96993,3711,0.3828301205645279,0.29628332037477545,0.5050189203908951,0.43932325529262445,1.309939332757572,159,221,0.0016568367963653793,13,1027,0.8991755469633114,0.8662666234811245,-0.8681599509530722,5,439,1.0710560255311328,1.0415183172822577,-1.0235241988939252,1,91,1.4199287944647214,1.4199287944647219,-1.3854493034461652,0,0,,,,0.27173744454005744,0.3093889140930134,2.854972634555712,0,finite,2.854972634555712
properized_ad_ce_seed20261009_median,96993,3711,0.3799681420308682,0.25,0.5084817949903485,0.4339771911419719,1.3334020618556701,191,250,0.001990288227080424,13,1027,0.8994644595910416,0.8681159958004484,-0.8610029211295032,5,439,1.0627562642369017,1.0324396815694352,-1.0130979498861044,1,91,1.409340659340659,1.4093406593406594,-1.379670329670329,0,0,,,,0.27173744454005744,0.3093889140930134,2.854972634555712,0,finite,2.854972634555712
properized_ad_ce_seed20261010_mean,96993,3711,0.3859162899253622,0.2962642611717532,0.5096713572997701,0.4491986775441578,1.3210880557923705,137,191,0.001427588937748786,13,1027,0.9242907498762766,0.8932000358176372,-0.8932446944939709,5,439,1.0927888099922887,1.0622043140937563,-1.0462788027378,1,91,1.4412358969457306,1.4412358969457306,-1.4075392606558783,0,0,,,,0.27509193815836197,0.3184793545623873,2.862057422913286,0,finite,2.862057422913286
properized_ad_ce_seed20261010_median,96993,3711,0.38524893549019007,0.25,0.5155507819264373,0.44749927808959894,1.3517113402061856,161,218,0.0016776775107850697,13,1027,0.9312074001947417,0.9012887568950029,-0.8916747809152871,5,439,1.093052391799544,1.0619145384577684,-1.039066059225512,1,91,1.443406593406593,1.4434065934065936,-1.4038461538461535,0,0,,,,0.27509193815836197,0.3184793545623873,2.862057422913286,0,finite,2.862057422913286
properized_ad_ce_ensemble_mean,96993,3711,0.3838947822169058,0.2959022989837625,0.5067164973274539,0.44382743170266464,1.31415066733486,151,209,0.0015734739386866182,13,1027,0.9114432002939871,0.8793709926574477,-0.8807023227235216,5,439,1.0817942793816755,1.0517326747280766,-1.0349015008158626,1,91,1.4305823457052258,1.430582345705226,-1.3964942820510216,0,0,,,,0.27295506647188267,0.31341656083567215,2.8549393661882276,0,finite,2.8549393661882276
properized_ad_ce_ensemble_median,96993,3711,0.3820744796016208,0.25,0.511337973709518,0.4404115231144028,1.3418144329896906,174,234,0.0018131421545130567,13,1027,0.9116358325219083,0.8812935488902838,-0.8747322297955207,5,439,1.0750569476082001,1.0442741983751107,-1.0253986332574025,1,91,1.424725274725274,1.4247252747252745,-1.3917582417582413,0,0,,,,0.27295506647188267,0.31341656083567215,2.8549393661882276,0,finite,2.8549393661882276
