arm,seed_or_ensemble,decision,event_id,magnitude,records,mae,bias,crps,delta_vs_crps_ce,delta_vs_shuffled_ce,delta_vs_average_ce,delta_vs_ranked_bce_ce,delta_vs_properized_ad_ce
crps_ce,seed20261009,mean,18263671,4.0,136,0.7492085610251412,-0.7368147880225848,0.556682572145232,,,,,
crps_ce,seed20261009,mean,18379751,4.4,91,0.9261423094032509,-0.9232749551655193,0.6762600619396152,,,,,
crps_ce,seed20261009,mean,18596591,4.0,81,0.6518843992306586,-0.5961564076348782,0.4660418644563606,,,,,
crps_ce,seed20261009,mean,18673351,4.6,72,0.7132615074742783,-0.7056110659174784,0.5134112258916144,,,,,
crps_ce,seed20261009,mean,19004961,4.3,43,1.0243216116379819,-1.0146608852371601,0.8043030850043662,,,,,
crps_ce,seed20261009,mean,20046641,4.3,45,0.6426649731340974,-0.6310437495427027,0.44717061489899945,,,,,
crps_ce,seed20261009,mean,20362671,4.6,101,1.089367540910817,-1.0383584651566504,0.8485155742634896,,,,,
crps_ce,seed20261009,mean,20375681,5.1,91,1.4092826624644428,-1.371253994001437,1.147147136626372,,,,,
crps_ce,seed20261009,mean,20379371,4.4,75,1.0475589520452964,-1.0378246570231668,0.8335963171343063,,,,,
crps_ce,seed20261009,mean,20415201,4.6,102,1.1663587586352786,-1.1663587586352786,0.870295781133316,,,,,
crps_ce,seed20261009,mean,20787491,4.0,29,0.4112392594390496,-0.3580601324424038,0.30881181102350025,,,,,
crps_ce,seed20261009,mean,20845861,4.6,73,0.6945129470988051,-0.5133701739474296,0.4838350733516164,,,,,
crps_ce,seed20261009,mean,21119351,4.0,88,0.5008113393967727,-0.4196270326349251,0.35090178504159014,,,,,
crps_ce,seed20261009,median,18263671,4.0,136,0.7522058823529411,-0.7352941176470588,0.556682572145232,,,,,
crps_ce,seed20261009,median,18379751,4.4,91,0.9170329670329671,-0.9137362637362636,0.6762600619396152,,,,,
crps_ce,seed20261009,median,18596591,4.0,81,0.672222222222222,-0.6141975308641974,0.4660418644563606,,,,,
crps_ce,seed20261009,median,18673351,4.6,72,0.7013888888888884,-0.694444444444444,0.5134112258916144,,,,,
crps_ce,seed20261009,median,19004961,4.3,43,1.045348837209302,-1.0313953488372092,0.8043030850043662,,,,,
crps_ce,seed20261009,median,20046641,4.3,45,0.6388888888888886,-0.6211111111111107,0.44717061489899945,,,,,
crps_ce,seed20261009,median,20362671,4.6,101,1.087623762376237,-1.0440594059405934,0.8485155742634896,,,,,
crps_ce,seed20261009,median,20375681,5.1,91,1.4049450549450544,-1.3807692307692303,1.147147136626372,,,,,
crps_ce,seed20261009,median,20379371,4.4,75,1.0513333333333335,-1.0393333333333337,0.8335963171343063,,,,,
crps_ce,seed20261009,median,20415201,4.6,102,1.1647058823529408,-1.1647058823529408,0.870295781133316,,,,,
crps_ce,seed20261009,median,20787491,4.0,29,0.4189655172413792,-0.34999999999999987,0.30881181102350025,,,,,
crps_ce,seed20261009,median,20845861,4.6,73,0.6760273972602738,-0.5006849315068488,0.4838350733516164,,,,,
crps_ce,seed20261009,median,21119351,4.0,88,0.5068181818181817,-0.41704545454545444,0.35090178504159014,,,,,
crps_ce,seed20261010,mean,18263671,4.0,136,0.7424779483218255,-0.7299262670191792,0.5489297752655324,,,,,
crps_ce,seed20261010,mean,18379751,4.4,91,0.9211351157550945,-0.9181054121948566,0.6728190697717713,,,,,
crps_ce,seed20261010,mean,18596591,4.0,81,0.670775316090559,-0.6039905475092007,0.4809251568689918,,,,,
crps_ce,seed20261010,mean,18673351,4.6,72,0.7224916065929715,-0.7129845923810164,0.5228567883995007,,,,,
crps_ce,seed20261010,mean,19004961,4.3,43,1.0103730219141906,-1.0032994133316975,0.7993673467730749,,,,,
crps_ce,seed20261010,mean,20046641,4.3,45,0.6530832646694322,-0.6396896087607418,0.4558343076356513,,,,,
crps_ce,seed20261010,mean,20362671,4.6,101,1.0820551974559602,-1.0315325078219584,0.8499758354725977,,,,,
crps_ce,seed20261010,mean,20375681,5.1,91,1.4044283035545562,-1.367054472824104,1.1473799507486624,,,,,
crps_ce,seed20261010,mean,20379371,4.4,75,1.0560441028853547,-1.0454665467188955,0.8420631541736399,,,,,
crps_ce,seed20261010,mean,20415201,4.6,102,1.1643477814975156,-1.1643477814975156,0.8723646761618786,,,,,
crps_ce,seed20261010,mean,20787491,4.0,29,0.4132234906654706,-0.37154405647290717,0.30982210875339,,,,,
crps_ce,seed20261010,mean,20845861,4.6,73,0.6960231787790468,-0.5080764545019765,0.4861066130240179,,,,,
crps_ce,seed20261010,mean,21119351,4.0,88,0.5230875539747146,-0.44549516334410816,0.36736373799044825,,,,,
crps_ce,seed20261010,median,18263671,4.0,136,0.7367647058823529,-0.7227941176470587,0.5489297752655324,,,,,
crps_ce,seed20261010,median,18379751,4.4,91,0.9104395604395605,-0.906043956043956,0.6728190697717713,,,,,
crps_ce,seed20261010,median,18596591,4.0,81,0.6956790123456789,-0.6327160493827159,0.4809251568689918,,,,,
crps_ce,seed20261010,median,18673351,4.6,72,0.7180555555555551,-0.7097222222222217,0.5228567883995007,,,,,
crps_ce,seed20261010,median,19004961,4.3,43,1.0290697674418603,-1.017441860465116,0.7993673467730749,,,,,
crps_ce,seed20261010,median,20046641,4.3,45,0.6455555555555553,-0.6299999999999997,0.4558343076356513,,,,,
crps_ce,seed20261010,median,20362671,4.6,101,1.083663366336633,-1.0391089108910883,0.8499758354725977,,,,,
crps_ce,seed20261010,median,20375681,5.1,91,1.4115384615384607,-1.3862637362637358,1.1473799507486624,,,,,
crps_ce,seed20261010,median,20379371,4.4,75,1.0660000000000003,-1.0553333333333337,0.8420631541736399,,,,,
crps_ce,seed20261010,median,20415201,4.6,102,1.1509803921568622,-1.1509803921568622,0.8723646761618786,,,,,
crps_ce,seed20261010,median,20787491,4.0,29,0.42586206896551715,-0.36379310344827576,0.30982210875339,,,,,
crps_ce,seed20261010,median,20845861,4.6,73,0.6815068493150683,-0.4952054794520543,0.4861066130240179,,,,,
crps_ce,seed20261010,median,21119351,4.0,88,0.5409090909090909,-0.4568181818181817,0.36736373799044825,,,,,
crps_ce,ensemble,mean,18263671,4.0,136,0.7455236374766393,-0.7333705275208819,0.5523991291398891,,,,,
crps_ce,ensemble,mean,18379751,4.4,91,0.9236387125791727,-0.9206901836801878,0.6742493961712529,,,,,
crps_ce,ensemble,mean,18596591,4.0,81,0.6613298576606089,-0.6000734775720394,0.47282421522716817,,,,,
crps_ce,ensemble,mean,18673351,4.6,72,0.7176080996562758,-0.7092978291492475,0.5175689162772438,,,,,
crps_ce,ensemble,mean,19004961,4.3,43,1.0173473167760863,-1.0089801492844288,0.8012969900848592,,,,,
crps_ce,ensemble,mean,20046641,4.3,45,0.6473734653853893,-0.6353666791517222,0.4510927310909805,,,,,
crps_ce,ensemble,mean,20362671,4.6,101,1.0857113691833884,-1.0349454864893044,0.8487538205911154,,,,,
crps_ce,ensemble,mean,20375681,5.1,91,1.4068554830094995,-1.3691542334127706,1.1465729205277677,,,,,
crps_ce,ensemble,mean,20379371,4.4,75,1.0515444728439487,-1.0416456018710312,0.8374030051414862,,,,,
crps_ce,ensemble,mean,20415201,4.6,102,1.165353270066397,-1.165353270066397,0.8708941502319673,,,,,
crps_ce,ensemble,mean,20787491,4.0,29,0.4115539769239416,-0.3648020944576556,0.3090061990276832,,,,,
crps_ce,ensemble,mean,20845861,4.6,73,0.6952120532076084,-0.510723314224703,0.4845716154634773,,,,,
crps_ce,ensemble,mean,21119351,4.0,88,0.511939905692438,-0.4325610979895167,0.3586915118809722,,,,,
crps_ce,ensemble,median,18263671,4.0,136,0.7448529411764705,-0.7286764705882351,0.5523991291398891,,,,,
crps_ce,ensemble,median,18379751,4.4,91,0.9170329670329671,-0.9137362637362638,0.6742493961712529,,,,,
crps_ce,ensemble,median,18596591,4.0,81,0.6820987654320986,-0.6216049382716047,0.47282421522716817,,,,,
crps_ce,ensemble,median,18673351,4.6,72,0.7083333333333329,-0.6999999999999996,0.5175689162772438,,,,,
crps_ce,ensemble,median,19004961,4.3,43,1.0267441860465112,-1.017441860465116,0.8012969900848592,,,,,
crps_ce,ensemble,median,20046641,4.3,45,0.634444444444444,-0.6166666666666661,0.4510927310909805,,,,,
crps_ce,ensemble,median,20362671,4.6,101,1.087623762376237,-1.0420792079207915,0.8487538205911154,,,,,
crps_ce,ensemble,median,20375681,5.1,91,1.41043956043956,-1.3862637362637358,1.1465729205277677,,,,,
crps_ce,ensemble,median,20379371,4.4,75,1.0606666666666669,-1.0486666666666669,0.8374030051414862,,,,,
crps_ce,ensemble,median,20415201,4.6,102,1.1549019607843132,-1.1549019607843132,0.8708941502319673,,,,,
crps_ce,ensemble,median,20787491,4.0,29,0.4224137931034482,-0.35344827586206884,0.3090061990276832,,,,,
crps_ce,ensemble,median,20845861,4.6,73,0.678767123287671,-0.492465753424657,0.4845716154634773,,,,,
crps_ce,ensemble,median,21119351,4.0,88,0.5227272727272726,-0.4306818181818181,0.3586915118809722,,,,,
context_ce,seed20261009,mean,18263671,4.0,136,0.762141569706309,-0.7515416773502662,0.5609364286393581,0.012933008681167757,0.003132537698122828,0.005600911844582779,0.003088459463544746,0.00830105700348338
context_ce,seed20261009,mean,18379751,4.4,91,0.946138070740223,-0.9421715653558979,0.6910202415301739,0.019995761336972118,0.010364450113086177,0.00734281411043769,0.006775437432358422,0.010433368913771557
context_ce,seed20261009,mean,18596591,4.0,81,0.6725286835216495,-0.6260141740498203,0.4812825220592325,0.020644284290990966,0.023667900214089932,0.03960150127937556,0.006297597885908113,-0.06216669932553209
context_ce,seed20261009,mean,18673351,4.6,72,0.742208208530448,-0.7345769525133079,0.5282111743909883,0.0289467010561697,0.030814127098723998,0.05454476465577329,0.040075387714452626,-0.04624602919322429
context_ce,seed20261009,mean,19004961,4.3,43,1.040143537116087,-1.0267510696051425,0.8124175975765103,0.015821925478105126,0.019241454978385475,0.03288267531821809,0.016284308282224158,0.023100981229902118
context_ce,seed20261009,mean,20046641,4.3,45,0.6583392180526354,-0.6553230729599931,0.4601371067350187,0.015674244918537972,0.013892845468248538,0.022905820923287634,0.0114330006493093,-0.019551080189758485
context_ce,seed20261009,mean,20362671,4.6,101,1.1118365278906375,-1.0589719769763533,0.8642948352099149,0.02246898697982047,0.019214385137276357,0.025065265990089403,0.020924311501822723,0.002535085969155304
context_ce,seed20261009,mean,20375681,5.1,91,1.419278620586098,-1.3835314831484598,1.151876174961367,0.009995958121655324,0.014980055658394775,0.025656231244876704,0.01521457048489494,-0.0006501738786233169
context_ce,seed20261009,mean,20379371,4.4,75,1.068405346022495,-1.0587380882079227,0.8502056466994131,0.020846393977198563,0.009567510141264002,0.018862683134638347,0.009202734487967934,-0.0036925937512766183
context_ce,seed20261009,mean,20415201,4.6,102,1.1932978580958082,-1.1932978580958082,0.8952479474258999,0.026939099460529636,0.017611494200810762,0.012946936499840689,0.008826537473718865,0.013687342106139866
context_ce,seed20261009,mean,20787491,4.0,29,0.42278436000151276,-0.37625359563806415,0.3134877796957023,0.011545100562463162,0.003235710622627397,0.014131929928791087,0.016061193483847103,0.007930358069581811
context_ce,seed20261009,mean,20845861,4.6,73,0.7134553681168743,-0.5243061654257533,0.49988679622190985,0.0189424210180692,0.004883900801226138,0.015912591433874246,0.011605087778970513,0.003158771805130578
context_ce,seed20261009,mean,21119351,4.0,88,0.5066054441300035,-0.4356620810423909,0.3520412543813372,0.0057941047332308315,0.010999096853386903,0.037801180016979574,0.047188139978514954,0.05885631849741396
context_ce,seed20261009,median,18263671,4.0,136,0.7654411764705882,-0.7485294117647058,0.5609364286393581,0.013235294117647123,0.010294117647058898,0.008823529411764786,0.006617647058823617,0.008823529411764786
context_ce,seed20261009,median,18379751,4.4,91,0.939010989010989,-0.9346153846153846,0.6910202415301739,0.0219780219780219,0.009890109890109744,0.007692307692307554,0.016483516483516425,0.018681318681318504
context_ce,seed20261009,median,18596591,4.0,81,0.6919753086419751,-0.6450617283950615,0.4812825220592325,0.01975308641975304,0.030864197530864113,0.040740740740740744,0.00864197530864197,-0.0654320987654321
context_ce,seed20261009,median,18673351,4.6,72,0.7305555555555551,-0.7208333333333328,0.5282111743909883,0.029166666666666674,0.03611111111111098,0.06249999999999989,0.050000000000000044,-0.04583333333333328
context_ce,seed20261009,median,19004961,4.3,43,1.0569767441860463,-1.0430232558139534,0.8124175975765103,0.011627906976744207,0.0255813953488373,0.03953488372093039,0.006976744186046657,0.013953488372093092
context_ce,seed20261009,median,20046641,4.3,45,0.652222222222222,-0.6411111111111107,0.4601371067350187,0.01333333333333342,0.020000000000000018,0.028888888888888964,0.01777777777777778,-0.02444444444444449
context_ce,seed20261009,median,20362671,4.6,101,1.1014851485148511,-1.0559405940594053,0.8642948352099149,0.013861386138614096,0.015841584158416078,0.01980198019801982,0.022772277227722793,-0.016831683168316625
context_ce,seed20261009,median,20375681,5.1,91,1.41043956043956,-1.3851648351648347,1.151876174961367,0.005494505494505697,0.015384615384615552,0.028571428571428692,0.01538461538461533,0.001098901098901095
context_ce,seed20261009,median,20379371,4.4,75,1.0740000000000003,-1.0580000000000003,0.8502056466994131,0.022666666666666835,0.01333333333333342,0.03066666666666662,0.013333333333333197,-0.007999999999999785
context_ce,seed20261009,median,20415201,4.6,102,1.1843137254901956,-1.1843137254901956,0.8952479474258999,0.019607843137254832,0.007843137254901933,0.007843137254901933,0.013725490196078605,0.018627450980392313
context_ce,seed20261009,median,20787491,4.0,29,0.4327586206896551,-0.36379310344827576,0.3134877796957023,0.01379310344827589,-0.006896551724137778,0.017241379310344918,0.013793103448275945,0.003448275862069028
context_ce,seed20261009,median,20845861,4.6,73,0.6910958904109586,-0.5089041095890405,0.49988679622190985,0.015068493150684814,-0.00136986301369868,0.012328767123287676,0.006849315068493178,-0.00136986301369868
context_ce,seed20261009,median,21119351,4.0,88,0.5136363636363636,-0.4295454545454545,0.3520412543813372,0.006818181818181834,0.006818181818181834,0.03977272727272735,0.057954545454545425,0.05568181818181822
context_ce,seed20261010,mean,18263671,4.0,136,0.7477802688268135,-0.7350172179545603,0.552801867276087,0.005302320504988023,0.006558153034909253,0.0015396798472854245,-0.0029464108199352967,-0.01719393511726064
context_ce,seed20261010,mean,18379751,4.4,91,0.9260927014190291,-0.922408269186933,0.6764675717229527,0.004957585663934561,9.824893473520113e-05,0.001166473529878198,-0.011791331671909266,-0.03207627403890745
context_ce,seed20261010,mean,18596591,4.0,81,0.6790888033944577,-0.6300030990570131,0.49192327789060236,0.008313487303898692,0.011008460198860037,0.013826312514300443,-0.010980698498261665,-0.10102232125784805
context_ce,seed20261010,mean,18673351,4.6,72,0.7619140765466952,-0.7549045401373795,0.5504585068861764,0.03942246995372367,0.03328066657558282,0.05064476555461195,0.03373614154018023,-0.04988704142946965
context_ce,seed20261010,mean,19004961,4.3,43,1.0253219600237768,-1.0154362154593286,0.8044371131566664,0.014948938109586196,0.011756521875420534,0.01622262106410588,0.005601194155559375,-0.023722564728072326
context_ce,seed20261010,mean,20046641,4.3,45,0.66901405483609,-0.6622053090198776,0.46964456823156736,0.01593079016665777,0.011254301773656494,0.019724950191203683,0.0027765584308678815,-0.06432404022776073
context_ce,seed20261010,mean,20362671,4.6,101,1.0983046895537294,-1.0442325722908876,0.8608727551047466,0.016249492097769158,0.01087144041426269,0.022813452071781093,0.009496847557066257,-0.04191391991563309
context_ce,seed20261010,mean,20375681,5.1,91,1.4099107059169669,-1.3643220976505945,1.1519017986464575,0.00548240236241071,0.001356302557766531,0.014281165760448689,0.017942682165183577,-0.031325191028763744
context_ce,seed20261010,mean,20379371,4.4,75,1.0696388078996866,-1.059092620085912,0.8526040953418121,0.01359470501433191,0.006825609237861352,0.013042896354905631,-0.0002647583424433275,-0.0283888591155248
context_ce,seed20261010,mean,20415201,4.6,102,1.166564931481239,-1.166564931481239,0.8740516104100422,0.0022171499837233544,0.0026092767986762855,-0.0035874297346745188,-0.007801495513946488,-0.039405649560297906
context_ce,seed20261010,mean,20787491,4.0,29,0.4175192394481783,-0.3828402643670656,0.3153735540410705,0.00429574878270772,-0.0032928069177263763,0.00627879467498299,0.0009911729070621877,-0.024111603062829945
context_ce,seed20261010,mean,20845861,4.6,73,0.7077276719372022,-0.4945642584405276,0.4931380908544822,0.01170449315815536,0.0041285394662661234,0.006274334994259667,0.002814755134193603,-0.0040676930987846305
context_ce,seed20261010,mean,21119351,4.0,88,0.5283398575342884,-0.45654294604293927,0.3734707928114776,0.005252303559573734,0.0070337556217912045,0.02215934862920088,0.030460543029219467,0.05305639577002297
context_ce,seed20261010,median,18263671,4.0,136,0.7448529411764705,-0.7308823529411763,0.552801867276087,0.008088235294117618,0.007352941176470673,0.0022058823529412797,-0.0022058823529410576,-0.024264705882352966
context_ce,seed20261010,median,18379751,4.4,91,0.915934065934066,-0.9104395604395606,0.6764675717229527,0.005494505494505475,0.001098901098901206,0.001098901098900984,-0.015384615384615441,-0.03736263736263745
context_ce,seed20261010,median,18596591,4.0,81,0.6993827160493826,-0.6462962962962961,0.49192327789060236,0.0037037037037037646,0.014814814814814836,0.013580246913580396,-0.006172839506172645,-0.11604938271604925
context_ce,seed20261010,median,18673351,4.6,72,0.7597222222222217,-0.7527777777777773,0.5504585068861764,0.04166666666666663,0.036111111111111094,0.056944444444444464,0.03888888888888886,-0.04861111111111127
context_ce,seed20261010,median,19004961,4.3,43,1.0406976744186043,-1.0267441860465112,0.8044371131566664,0.011627906976743985,0.01395348837209287,0.020930232558139528,0.006976744186046435,-0.04186046511627928
context_ce,seed20261010,median,20046641,4.3,45,0.6633333333333332,-0.6522222222222219,0.46964456823156736,0.017777777777777892,0.004444444444444473,0.022222222222222365,2.220446049250313e-16,-0.06888888888888878
context_ce,seed20261010,median,20362671,4.6,101,1.0965346534653462,-1.0480198019801974,0.8608727551047466,0.012871287128713105,0.013861386138614318,0.01782178217821806,0.005940594059406168,-0.06336633663366342
context_ce,seed20261010,median,20375681,5.1,91,1.4060439560439557,-1.3642857142857139,1.1519017986464575,-0.005494505494505031,-0.006593406593406348,0.01538461538461533,0.01758241758241752,-0.03736263736263723
context_ce,seed20261010,median,20379371,4.4,75,1.0753333333333335,-1.0620000000000003,0.8526040953418121,0.009333333333333194,0.0013333333333334085,0.011999999999999789,-0.0040000000000000036,-0.03600000000000003
context_ce,seed20261010,median,20415201,4.6,102,1.1568627450980387,-1.1568627450980387,0.8740516104100422,0.00588235294117645,0.0039215686274509665,-0.0009803921568627416,-0.00588235294117645,-0.03627450980392166
context_ce,seed20261010,median,20787491,4.0,29,0.42931034482758607,-0.3672413793103448,0.3153735540410705,0.003448275862068917,-0.003448275862069028,0.010344827586206917,0.006896551724137889,-0.02413793103448275
context_ce,seed20261010,median,20845861,4.6,73,0.6856164383561641,-0.4732876712328762,0.4931380908544822,0.004109589041095818,0.008219178082191747,0.005479452054794498,-0.002739726027397249,-0.019178082191780854
context_ce,seed20261010,median,21119351,4.0,88,0.546590909090909,-0.4636363636363635,0.3734707928114776,0.005681818181818121,0.009090909090909038,0.02840909090909094,0.040909090909091006,0.05681818181818182
context_ce,ensemble,mean,18263671,4.0,136,0.7542744931742821,-0.7432794476524133,0.5564665232185253,0.008750855697642779,0.004764681053486819,0.003839247786719069,7.132394519837604e-05,-0.004944812106490337
context_ce,ensemble,mean,18379751,4.4,91,0.9359682417722709,-0.9322899172714156,0.6834022769206903,0.012329529193098154,0.005084205216555504,0.004178096641037632,-0.002655091427130718,-0.01096859686992302
context_ce,ensemble,mean,18596591,4.0,81,0.6758087434580536,-0.6280086365534168,0.4860475914215917,0.014478885797444718,0.01733818020647504,0.026713906896837947,-0.002341550306176776,-0.08159149309719727
context_ce,ensemble,mean,18673351,4.6,72,0.7520611425385716,-0.7447407463253438,0.5387141617154191,0.03445304288229578,0.03273728110584195,0.05337852773027818,0.0393381083906148,-0.04806653531134708
context_ce,ensemble,mean,19004961,4.3,43,1.032732748569932,-1.0210936425322357,0.8079936035802099,0.015385431793845772,0.015498988426902782,0.024552648191161985,0.01151765409619232,-0.00031079174908521523
context_ce,ensemble,mean,20046641,4.3,45,0.663003636454846,-0.6587641909899354,0.46431360128109644,0.015630171069456633,0.012229862037927086,0.020986759951622913,0.006431779550571837,-0.04161512421830871
context_ce,ensemble,mean,20362671,4.6,101,1.104923842717559,-1.0516022746336204,0.862102382860862,0.01921247353417055,0.014897377800485945,0.02388464347010899,0.015063813524820002,-0.019504083032837904
context_ce,ensemble,mean,20375681,5.1,91,1.4143184759282597,-1.3739267903995271,1.1513097034542368,0.007462992918760181,0.008025160141679422,0.01969251117938975,0.01630243900176631,-0.016263869776966144
context_ce,ensemble,mean,20379371,4.4,75,1.069022076961091,-1.0589153541469176,0.8511157871847173,0.017477604117142276,0.00819655968956301,0.01595278974477221,0.004468988072762636,-0.015856670124724026
context_ce,ensemble,mean,20415201,4.6,102,1.1799313947885237,-1.1799313947885237,0.8841709367587928,0.014578124722126606,0.010110385499743746,0.004679753382583307,0.0005125209798864105,-0.012859153727079242
context_ce,ensemble,mean,20787491,4.0,29,0.41897615717564096,-0.3795469300025648,0.3138760731485157,0.007422180251699384,-0.0005435830507246608,0.009029719752682408,0.009014655071631239,-0.007907002900585436
context_ce,ensemble,mean,20845861,4.6,73,0.7100360543023818,-0.5094352119331405,0.49606218541936126,0.014824001094773442,0.003950754409089763,0.01089513499517858,0.007738062404189394,-0.0006988215168568512
context_ce,ensemble,mean,21119351,4.0,88,0.517407406867742,-0.44610251354266506,0.36219825771530384,0.005467501175304035,0.0090591660794207,0.030010735436045433,0.038759097539463216,0.05722846459373404
context_ce,ensemble,median,18263671,4.0,136,0.750735294117647,-0.7360294117647058,0.5564665232185253,0.00588235294117645,-0.0022058823529411686,0.0051470588235295045,-0.0014705882352941124,-0.00588235294117645
context_ce,ensemble,median,18379751,4.4,91,0.9313186813186815,-0.9269230769230771,0.6834022769206903,0.014285714285714346,0.006593406593406681,0.01098901098901095,0.008791208791208871,0.0
context_ce,ensemble,median,18596591,4.0,81,0.6956790123456787,-0.6425925925925924,0.4860475914215917,0.013580246913580174,0.01975308641975304,0.032098765432098664,0.006172839506172867,-0.08518518518518514
context_ce,ensemble,median,18673351,4.6,72,0.7499999999999996,-0.7402777777777774,0.5387141617154191,0.04166666666666663,0.04027777777777786,0.06805555555555554,0.054166666666666696,-0.03749999999999987
context_ce,ensemble,median,19004961,4.3,43,1.0499999999999996,-1.0360465116279067,0.8079936035802099,0.023255813953488413,0.025581395348837077,0.027906976744185963,0.009302325581395099,-0.02093023255813975
context_ce,ensemble,median,20046641,4.3,45,0.6544444444444444,-0.6455555555555553,0.46431360128109644,0.02000000000000035,0.011111111111111294,0.017777777777778003,0.004444444444444584,-0.051111111111110885
context_ce,ensemble,median,20362671,4.6,101,1.102475247524752,-1.0549504950495043,0.862102382860862,0.014851485148514865,0.016831683168316847,0.024752475247524552,0.016831683168316847,-0.02970297029702973
context_ce,ensemble,median,20375681,5.1,91,1.409340659340659,-1.3818681318681312,1.1513097034542368,-0.001098901098901095,0.003296703296703285,0.02087912087912125,0.020879120879120805,-0.015384615384615108
context_ce,ensemble,median,20379371,4.4,75,1.0713333333333337,-1.0580000000000003,0.8511157871847173,0.010666666666666824,0.008000000000000007,0.014666666666666828,0.002666666666667039,-0.021333333333332982
context_ce,ensemble,median,20415201,4.6,102,1.170588235294117,-1.170588235294117,0.8841709367587928,0.015686274509803866,0.006862745098038969,0.009803921568627194,0.002941176470588225,-0.009803921568627638
context_ce,ensemble,median,20787491,4.0,29,0.4224137931034482,-0.36034482758620673,0.3138760731485157,0.0,-0.0034482758620688614,0.0,0.006896551724138,-0.006896551724137889
context_ce,ensemble,median,20845861,4.6,73,0.6856164383561641,-0.48835616438356116,0.49606218541936126,0.006849315068493178,0.0,0.008219178082191747,0.004109589041095818,-0.010958904109589107
context_ce,ensemble,median,21119351,4.0,88,0.530681818181818,-0.4488636363636362,0.36219825771530384,0.007954545454545436,0.01022727272727264,0.03749999999999992,0.04999999999999999,0.0625
shuffled_ce,seed20261009,mean,18263671,4.0,136,0.7590090320081861,-0.7458091619054548,0.5646231321116998,,,,,
shuffled_ce,seed20261009,mean,18379751,4.4,91,0.9357736206271369,-0.9324532901765902,0.6852541808174107,,,,,
shuffled_ce,seed20261009,mean,18596591,4.0,81,0.6488607833075596,-0.5944524826864125,0.4637150862172439,,,,,
shuffled_ce,seed20261009,mean,18673351,4.6,72,0.711394081431724,-0.7046170364417635,0.5028308019095366,,,,,
shuffled_ce,seed20261009,mean,19004961,4.3,43,1.0209020821377015,-1.0121904905762602,0.7982890025408981,,,,,
shuffled_ce,seed20261009,mean,20046641,4.3,45,0.6444463725843869,-0.638241035366135,0.45075764858138095,,,,,
shuffled_ce,seed20261009,mean,20362671,4.6,101,1.0926221427533611,-1.0436526387378702,0.8509883822008759,,,,,
shuffled_ce,seed20261009,mean,20375681,5.1,91,1.4042985649277033,-1.371389980731324,1.1400961591037242,,,,,
shuffled_ce,seed20261009,mean,20379371,4.4,75,1.058837835881231,-1.0503363134007362,0.8409287612055985,,,,,
shuffled_ce,seed20261009,mean,20415201,4.6,102,1.1756863638949975,-1.1756863638949975,0.8802998325414673,,,,,
shuffled_ce,seed20261009,mean,20787491,4.0,29,0.41954864937888536,-0.3636349647404118,0.3118990901713712,,,,,
shuffled_ce,seed20261009,mean,20845861,4.6,73,0.7085714673156481,-0.5288566408311334,0.49537507901037364,,,,,
shuffled_ce,seed20261009,mean,21119351,4.0,88,0.4956063472766166,-0.40930807592531143,0.34460631332100805,,,,,
shuffled_ce,seed20261009,median,18263671,4.0,136,0.7551470588235293,-0.7360294117647056,0.5646231321116998,,,,,
shuffled_ce,seed20261009,median,18379751,4.4,91,0.9291208791208793,-0.925824175824176,0.6852541808174107,,,,,
shuffled_ce,seed20261009,median,18596591,4.0,81,0.661111111111111,-0.6055555555555553,0.4637150862172439,,,,,
shuffled_ce,seed20261009,median,18673351,4.6,72,0.6944444444444441,-0.6874999999999996,0.5028308019095366,,,,,
shuffled_ce,seed20261009,median,19004961,4.3,43,1.031395348837209,-1.0220930232558134,0.7982890025408981,,,,,
shuffled_ce,seed20261009,median,20046641,4.3,45,0.632222222222222,-0.6188888888888886,0.45075764858138095,,,,,
shuffled_ce,seed20261009,median,20362671,4.6,101,1.085643564356435,-1.0420792079207915,0.8509883822008759,,,,,
shuffled_ce,seed20261009,median,20375681,5.1,91,1.3950549450549445,-1.3719780219780215,1.1400961591037242,,,,,
shuffled_ce,seed20261009,median,20379371,4.4,75,1.0606666666666669,-1.0500000000000005,0.8409287612055985,,,,,
shuffled_ce,seed20261009,median,20415201,4.6,102,1.1764705882352937,-1.1764705882352937,0.8802998325414673,,,,,
shuffled_ce,seed20261009,median,20787491,4.0,29,0.43965517241379287,-0.35689655172413776,0.3118990901713712,,,,,
shuffled_ce,seed20261009,median,20845861,4.6,73,0.6924657534246573,-0.5198630136986296,0.49537507901037364,,,,,
shuffled_ce,seed20261009,median,21119351,4.0,88,0.5068181818181817,-0.40795454545454535,0.34460631332100805,,,,,
shuffled_ce,seed20261010,mean,18263671,4.0,136,0.7412221157919042,-0.729119377674159,0.5462043006759868,,,,,
shuffled_ce,seed20261010,mean,18379751,4.4,91,0.9259944524842939,-0.9227120793061508,0.6756477029548307,,,,,
shuffled_ce,seed20261010,mean,18596591,4.0,81,0.6680803431955976,-0.6025537049662759,0.4783083156002103,,,,,
shuffled_ce,seed20261010,mean,18673351,4.6,72,0.7286334099711124,-0.7199789571825496,0.5242039609934162,,,,,
shuffled_ce,seed20261010,mean,19004961,4.3,43,1.0135654381483563,-1.0074616582820506,0.7982691727277491,,,,,
shuffled_ce,seed20261010,mean,20046641,4.3,45,0.6577597530624335,-0.650153196171017,0.4594537577591666,,,,,
shuffled_ce,seed20261010,mean,20362671,4.6,101,1.0874332491394667,-1.0326815050280878,0.8519035811476205,,,,,
shuffled_ce,seed20261010,mean,20375681,5.1,91,1.4085544033592003,-1.3680693526395031,1.1508689451558793,,,,,
shuffled_ce,seed20261010,mean,20379371,4.4,75,1.0628131986618252,-1.0532839414864108,0.8453906734624744,,,,,
shuffled_ce,seed20261010,mean,20415201,4.6,102,1.1639556546825627,-1.1639556546825627,0.870874038194157,,,,,
shuffled_ce,seed20261010,mean,20787491,4.0,29,0.4208120463659047,-0.3844603359761333,0.3126008372154252,,,,,
shuffled_ce,seed20261010,mean,20845861,4.6,73,0.7035991324709361,-0.5038644763364759,0.4883532323789634,,,,,
shuffled_ce,seed20261010,mean,21119351,4.0,88,0.5213061019124972,-0.44013581832762794,0.3634468848809684,,,,,
shuffled_ce,seed20261010,median,18263671,4.0,136,0.7374999999999998,-0.7220588235294116,0.5462043006759868,,,,,
shuffled_ce,seed20261010,median,18379751,4.4,91,0.9148351648351648,-0.9104395604395605,0.6756477029548307,,,,,
shuffled_ce,seed20261010,median,18596591,4.0,81,0.6845679012345678,-0.626543209876543,0.4783083156002103,,,,,
shuffled_ce,seed20261010,median,18673351,4.6,72,0.7236111111111106,-0.7152777777777772,0.5242039609934162,,,,,
shuffled_ce,seed20261010,median,19004961,4.3,43,1.0267441860465114,-1.0174418604651159,0.7982691727277491,,,,,
shuffled_ce,seed20261010,median,20046641,4.3,45,0.6588888888888887,-0.6522222222222219,0.4594537577591666,,,,,
shuffled_ce,seed20261010,median,20362671,4.6,101,1.0826732673267319,-1.0331683168316823,0.8519035811476205,,,,,
shuffled_ce,seed20261010,median,20375681,5.1,91,1.412637362637362,-1.378571428571428,1.1508689451558793,,,,,
shuffled_ce,seed20261010,median,20379371,4.4,75,1.074,-1.0633333333333335,0.8453906734624744,,,,,
shuffled_ce,seed20261010,median,20415201,4.6,102,1.1529411764705877,-1.1529411764705877,0.870874038194157,,,,,
shuffled_ce,seed20261010,median,20787491,4.0,29,0.4327586206896551,-0.36379310344827576,0.3126008372154252,,,,,
shuffled_ce,seed20261010,median,20845861,4.6,73,0.6773972602739724,-0.4869863013698625,0.4883532323789634,,,,,
shuffled_ce,seed20261010,median,21119351,4.0,88,0.5375,-0.44772727272727253,0.3634468848809684,,,,,
shuffled_ce,ensemble,mean,18263671,4.0,136,0.7495098121207953,-0.7374642697898068,0.5550051632391916,,,,,
shuffled_ce,ensemble,mean,18379751,4.4,91,0.9308840365557154,-0.9275826847413707,0.6800173044417638,,,,,
shuffled_ce,ensemble,mean,18596591,4.0,81,0.6584705632515786,-0.598503093826344,0.4703389076867564,,,,,
shuffled_ce,ensemble,mean,18673351,4.6,72,0.7193238614327296,-0.7122979968121566,0.5129154266262488,,,,,
shuffled_ce,ensemble,mean,19004961,4.3,43,1.0172337601430292,-1.0098260744291556,0.7977074326239236,,,,,
shuffled_ce,ensemble,mean,20046641,4.3,45,0.6507737744169189,-0.6441971157685759,0.45442117942080934,,,,,
shuffled_ce,ensemble,mean,20362671,4.6,101,1.090026464917073,-1.038167071882979,0.8509247468306504,,,,,
shuffled_ce,ensemble,mean,20375681,5.1,91,1.4062933157865802,-1.3697296666854137,1.1449589681122139,,,,,
shuffled_ce,ensemble,mean,20379371,4.4,75,1.060825517271528,-1.0518101274435734,0.842621521862582,,,,,
shuffled_ce,ensemble,mean,20415201,4.6,102,1.16982100928878,-1.16982100928878,0.8752011553948146,,,,,
shuffled_ce,ensemble,mean,20787491,4.0,29,0.4195197402263656,-0.3740476503582725,0.3118529070545346,,,,,
shuffled_ce,ensemble,mean,20845861,4.6,73,0.706085299893292,-0.5163605585838046,0.49133370911485524,,,,,
shuffled_ce,ensemble,mean,21119351,4.0,88,0.5083482407883213,-0.4247219471264696,0.3535229918391755,,,,,
shuffled_ce,ensemble,median,18263671,4.0,136,0.7529411764705881,-0.7360294117647057,0.5550051632391916,,,,,
shuffled_ce,ensemble,median,18379751,4.4,91,0.9247252747252748,-0.9214285714285715,0.6800173044417638,,,,,
shuffled_ce,ensemble,median,18596591,4.0,81,0.6759259259259257,-0.617901234567901,0.4703389076867564,,,,,
shuffled_ce,ensemble,median,18673351,4.6,72,0.7097222222222217,-0.7013888888888883,0.5129154266262488,,,,,
shuffled_ce,ensemble,median,19004961,4.3,43,1.0244186046511625,-1.015116279069767,0.7977074326239236,,,,,
shuffled_ce,ensemble,median,20046641,4.3,45,0.6433333333333331,-0.6299999999999997,0.45442117942080934,,,,,
shuffled_ce,ensemble,median,20362671,4.6,101,1.085643564356435,-1.0400990099009895,0.8509247468306504,,,,,
shuffled_ce,ensemble,median,20375681,5.1,91,1.4060439560439557,-1.3829670329670325,1.1449589681122139,,,,,
shuffled_ce,ensemble,median,20379371,4.4,75,1.0633333333333337,-1.052666666666667,0.842621521862582,,,,,
shuffled_ce,ensemble,median,20415201,4.6,102,1.163725490196078,-1.163725490196078,0.8752011553948146,,,,,
shuffled_ce,ensemble,median,20787491,4.0,29,0.42586206896551704,-0.35689655172413776,0.3118529070545346,,,,,
shuffled_ce,ensemble,median,20845861,4.6,73,0.6856164383561641,-0.49931506849315016,0.49133370911485524,,,,,
shuffled_ce,ensemble,median,21119351,4.0,88,0.5204545454545454,-0.4261363636363635,0.3535229918391755,,,,,
average_ce,seed20261009,mean,18263671,4.0,136,0.7565406578617262,-0.7436242176718101,0.5591128545874242,,,,,
average_ce,seed20261009,mean,18379751,4.4,91,0.9387952566297854,-0.9354780997977123,0.6867783125591104,,,,,
average_ce,seed20261009,mean,18596591,4.0,81,0.632927182242274,-0.5754409586382454,0.44989836687789575,,,,,
average_ce,seed20261009,mean,18673351,4.6,72,0.6876634438746747,-0.6802702101402187,0.4819393394734055,,,,,
average_ce,seed20261009,mean,19004961,4.3,43,1.007260861797869,-0.9986583177775834,0.7857341365048633,,,,,
average_ce,seed20261009,mean,20046641,4.3,45,0.6354333971293478,-0.6295133028702332,0.43901306862740347,,,,,
average_ce,seed20261009,mean,20362671,4.6,101,1.086771261900548,-1.0364943415606382,0.841773403986673,,,,,
average_ce,seed20261009,mean,20375681,5.1,91,1.3936223893412214,-1.3601835399987834,1.1268129706851544,,,,,
average_ce,seed20261009,mean,20379371,4.4,75,1.0495426628878566,-1.042523822691085,0.8303481871150935,,,,,
average_ce,seed20261009,mean,20415201,4.6,102,1.1803509215959676,-1.1803509215959676,0.8856304344246073,,,,,
average_ce,seed20261009,mean,20787491,4.0,29,0.4086524300727217,-0.34988640208665933,0.3007319391364479,,,,,
average_ce,seed20261009,mean,20845861,4.6,73,0.697542776683,-0.5158170972347687,0.48709940636187565,,,,,
average_ce,seed20261009,mean,21119351,4.0,88,0.46880426411302395,-0.38741490145501767,0.322846012939482,,,,,
average_ce,seed20261009,median,18263671,4.0,136,0.7566176470588234,-0.738970588235294,0.5591128545874242,,,,,
average_ce,seed20261009,median,18379751,4.4,91,0.9313186813186815,-0.9280219780219782,0.6867783125591104,,,,,
average_ce,seed20261009,median,18596591,4.0,81,0.6512345679012344,-0.589506172839506,0.44989836687789575,,,,,
average_ce,seed20261009,median,18673351,4.6,72,0.6680555555555552,-0.6611111111111106,0.4819393394734055,,,,,
average_ce,seed20261009,median,19004961,4.3,43,1.0174418604651159,-1.0081395348837205,0.7857341365048633,,,,,
average_ce,seed20261009,median,20046641,4.3,45,0.6233333333333331,-0.6077777777777773,0.43901306862740347,,,,,
average_ce,seed20261009,median,20362671,4.6,101,1.0816831683168313,-1.0371287128712867,0.841773403986673,,,,,
average_ce,seed20261009,median,20375681,5.1,91,1.3818681318681314,-1.3587912087912082,1.1268129706851544,,,,,
average_ce,seed20261009,median,20379371,4.4,75,1.0433333333333337,-1.036666666666667,0.8303481871150935,,,,,
average_ce,seed20261009,median,20415201,4.6,102,1.1764705882352937,-1.1764705882352937,0.8856304344246073,,,,,
average_ce,seed20261009,median,20787491,4.0,29,0.4155172413793102,-0.3396551724137929,0.3007319391364479,,,,,
average_ce,seed20261009,median,20845861,4.6,73,0.678767123287671,-0.5006849315068488,0.48709940636187565,,,,,
average_ce,seed20261009,median,21119351,4.0,88,0.4738636363636362,-0.3806818181818181,0.322846012939482,,,,,
average_ce,seed20261010,mean,18263671,4.0,136,0.746240588979528,-0.7331799528300058,0.5524233859049535,,,,,
average_ce,seed20261010,mean,18379751,4.4,91,0.9249262278891509,-0.9211870202602791,0.6759268184926817,,,,,
average_ce,seed20261010,mean,18596591,4.0,81,0.6652624908801572,-0.5978294349116472,0.47521265124800716,,,,,
average_ce,seed20261010,mean,18673351,4.6,72,0.7112693109920832,-0.7036581177903876,0.5084906328557629,,,,,
average_ce,seed20261010,mean,19004961,4.3,43,1.009099338959671,-1.0017745706748533,0.793941950606738,,,,,
average_ce,seed20261010,mean,20046641,4.3,45,0.6492891046448863,-0.6366027369180709,0.44909196707203997,,,,,
average_ce,seed20261010,mean,20362671,4.6,101,1.0754912374819483,-1.0224151985778793,0.8421627608797446,,,,,
average_ce,seed20261010,mean,20375681,5.1,91,1.3956295401565182,-1.3547013757452184,1.1363375887319722,,,,,
average_ce,seed20261010,mean,20379371,4.4,75,1.056595911544781,-1.0468337151923466,0.8410338003992976,,,,,
average_ce,seed20261010,mean,20415201,4.6,102,1.1701523612159135,-1.1701523612159135,0.8778045786429471,,,,,
average_ce,seed20261010,mean,20787491,4.0,29,0.4112404447731953,-0.3724414532736429,0.30541209830929855,,,,,
average_ce,seed20261010,mean,20845861,4.6,73,0.7014533369429425,-0.5005445604384483,0.48824962557085033,,,,,
average_ce,seed20261010,mean,21119351,4.0,88,0.5061805089050875,-0.41879093241367915,0.3501038475027321,,,,,
average_ce,seed20261010,median,18263671,4.0,136,0.7426470588235292,-0.726470588235294,0.5524233859049535,,,,,
average_ce,seed20261010,median,18379751,4.4,91,0.914835164835165,-0.9093406593406593,0.6759268184926817,,,,,
average_ce,seed20261010,median,18596591,4.0,81,0.6858024691358022,-0.6203703703703702,0.47521265124800716,,,,,
average_ce,seed20261010,median,18673351,4.6,72,0.7027777777777773,-0.6972222222222217,0.5084906328557629,,,,,
average_ce,seed20261010,median,19004961,4.3,43,1.0197674418604648,-1.0104651162790694,0.793941950606738,,,,,
average_ce,seed20261010,median,20046641,4.3,45,0.6411111111111109,-0.6255555555555552,0.44909196707203997,,,,,
average_ce,seed20261010,median,20362671,4.6,101,1.0787128712871281,-1.0311881188118805,0.8421627608797446,,,,,
average_ce,seed20261010,median,20375681,5.1,91,1.3906593406593404,-1.3642857142857137,1.1363375887319722,,,,,
average_ce,seed20261010,median,20379371,4.4,75,1.0633333333333337,-1.0526666666666669,0.8410338003992976,,,,,
average_ce,seed20261010,median,20415201,4.6,102,1.1578431372549014,-1.1578431372549014,0.8778045786429471,,,,,
average_ce,seed20261010,median,20787491,4.0,29,0.41896551724137915,-0.35689655172413776,0.30541209830929855,,,,,
average_ce,seed20261010,median,20845861,4.6,73,0.6801369863013697,-0.48835616438356116,0.48824962557085033,,,,,
average_ce,seed20261010,median,21119351,4.0,88,0.5181818181818181,-0.42159090909090896,0.3501038475027321,,,,,
average_ce,ensemble,mean,18263671,4.0,136,0.750435245387563,-0.7384020852509081,0.555413976367354,,,,,
average_ce,ensemble,mean,18379751,4.4,91,0.9317901451312333,-0.9283325600289957,0.6809652788958956,,,,,
average_ce,ensemble,mean,18596591,4.0,81,0.6490948365612157,-0.5866351967749464,0.4618078458970681,,,,,
average_ce,ensemble,mean,18673351,4.6,72,0.6986826148082934,-0.691964163965303,0.4943951640264166,,,,,
average_ce,ensemble,mean,19004961,4.3,43,1.00818010037877,-1.0002164442262182,0.7893599711313999,,,,,
average_ce,ensemble,mean,20046641,4.3,45,0.642016876503223,-0.6330580198941521,0.4431244639846495,,,,,
average_ce,ensemble,mean,20362671,4.6,101,1.08103919924745,-1.0294547700692587,0.8412817156501767,,,,,
average_ce,ensemble,mean,20375681,5.1,91,1.39462596474887,-1.357442457872001,1.1308128151474923,,,,,
average_ce,ensemble,mean,20379371,4.4,75,1.0530692872163188,-1.0446787689417159,0.8352581369582059,,,,,
average_ce,ensemble,mean,20415201,4.6,102,1.1752516414059404,-1.1752516414059404,0.8813440080221574,,,,,
average_ce,ensemble,mean,20787491,4.0,29,0.40994643742295855,-0.36116392768015115,0.30257992519621746,,,,,
average_ce,ensemble,mean,20845861,4.6,73,0.6991409193072032,-0.5081808288366085,0.48714005134376814,,,,,
average_ce,ensemble,mean,21119351,4.0,88,0.48739667143169657,-0.40310291693434835,0.33568558707252605,,,,,
average_ce,ensemble,median,18263671,4.0,136,0.7455882352941174,-0.7279411764705881,0.555413976367354,,,,,
average_ce,ensemble,median,18379751,4.4,91,0.9203296703296705,-0.9170329670329671,0.6809652788958956,,,,,
average_ce,ensemble,median,18596591,4.0,81,0.6635802469135801,-0.6043209876543207,0.4618078458970681,,,,,
average_ce,ensemble,median,18673351,4.6,72,0.681944444444444,-0.6736111111111107,0.4943951640264166,,,,,
average_ce,ensemble,median,19004961,4.3,43,1.0220930232558136,-1.0127906976744183,0.7893599711313999,,,,,
average_ce,ensemble,median,20046641,4.3,45,0.6366666666666664,-0.6255555555555552,0.4431244639846495,,,,,
average_ce,ensemble,median,20362671,4.6,101,1.0777227722772273,-1.0301980198019796,0.8412817156501767,,,,,
average_ce,ensemble,median,20375681,5.1,91,1.3884615384615377,-1.3653846153846148,1.1308128151474923,,,,,
average_ce,ensemble,median,20379371,4.4,75,1.0566666666666669,-1.0486666666666669,0.8352581369582059,,,,,
average_ce,ensemble,median,20415201,4.6,102,1.1607843137254898,-1.1607843137254898,0.8813440080221574,,,,,
average_ce,ensemble,median,20787491,4.0,29,0.4224137931034482,-0.3396551724137929,0.30257992519621746,,,,,
average_ce,ensemble,median,20845861,4.6,73,0.6773972602739724,-0.49383561643835566,0.48714005134376814,,,,,
average_ce,ensemble,median,21119351,4.0,88,0.4931818181818181,-0.4011363636363635,0.33568558707252605,,,,,
ranked_bce_ce,seed20261009,mean,18263671,4.0,136,0.7590531102427642,-0.7480843242155383,0.5598095998778303,,,,,
ranked_bce_ce,seed20261009,mean,18379751,4.4,91,0.9393626333078646,-0.9369647649856078,0.6801033389753628,,,,,
ranked_bce_ce,seed20261009,mean,18596591,4.0,81,0.6662310856357414,-0.615164289576624,0.4806489795357078,,,,,
ranked_bce_ce,seed20261009,mean,18673351,4.6,72,0.7021328208159954,-0.6990203898491765,0.4883906006640459,,,,,
ranked_bce_ce,seed20261009,mean,19004961,4.3,43,1.0238592288338628,-1.0140120695274737,0.803272350396628,,,,,
ranked_bce_ce,seed20261009,mean,20046641,4.3,45,0.6469062174033261,-0.6469062174033261,0.44297626960539804,,,,,
ranked_bce_ce,seed20261009,mean,20362671,4.6,101,1.0909122163888147,-1.0447028847249464,0.8401453655004626,,,,,
ranked_bce_ce,seed20261009,mean,20375681,5.1,91,1.4040640501012032,-1.3715065806111342,1.126410630488324,,,,,
ranked_bce_ce,seed20261009,mean,20379371,4.4,75,1.059202611534527,-1.0504642540662643,0.8371344469056646,,,,,
ranked_bce_ce,seed20261009,mean,20415201,4.6,102,1.1844713206220894,-1.1844713206220894,0.8811757745498748,,,,,
ranked_bce_ce,seed20261009,mean,20787491,4.0,29,0.40672316651766566,-0.36566043711223023,0.3068556137524105,,,,,
ranked_bce_ce,seed20261009,mean,20845861,4.6,73,0.7018502803379038,-0.5308334320149903,0.4867831187689226,,,,,
ranked_bce_ce,seed20261009,mean,21119351,4.0,88,0.45941730415148857,-0.3845237276512807,0.3191153703790588,,,,,
ranked_bce_ce,seed20261009,median,18263671,4.0,136,0.7588235294117646,-0.7411764705882352,0.5598095998778303,,,,,
ranked_bce_ce,seed20261009,median,18379751,4.4,91,0.9225274725274726,-0.9192307692307693,0.6801033389753628,,,,,
ranked_bce_ce,seed20261009,median,18596591,4.0,81,0.6833333333333331,-0.6302469135802466,0.4806489795357078,,,,,
ranked_bce_ce,seed20261009,median,18673351,4.6,72,0.680555555555555,-0.6763888888888884,0.4883906006640459,,,,,
ranked_bce_ce,seed20261009,median,19004961,4.3,43,1.0499999999999996,-1.031395348837209,0.803272350396628,,,,,
ranked_bce_ce,seed20261009,median,20046641,4.3,45,0.6344444444444443,-0.6255555555555552,0.44297626960539804,,,,,
ranked_bce_ce,seed20261009,median,20362671,4.6,101,1.0787128712871283,-1.0361386138613857,0.8401453655004626,,,,,
ranked_bce_ce,seed20261009,median,20375681,5.1,91,1.3950549450549448,-1.3741758241758237,1.126410630488324,,,,,
ranked_bce_ce,seed20261009,median,20379371,4.4,75,1.060666666666667,-1.0500000000000005,0.8371344469056646,,,,,
ranked_bce_ce,seed20261009,median,20415201,4.6,102,1.170588235294117,-1.170588235294117,0.8811757745498748,,,,,
ranked_bce_ce,seed20261009,median,20787491,4.0,29,0.41896551724137915,-0.3465517241379309,0.3068556137524105,,,,,
ranked_bce_ce,seed20261009,median,20845861,4.6,73,0.6842465753424655,-0.5198630136986296,0.4867831187689226,,,,,
ranked_bce_ce,seed20261009,median,21119351,4.0,88,0.45568181818181813,-0.37159090909090897,0.3191153703790588,,,,,
ranked_bce_ce,seed20261010,mean,18263671,4.0,136,0.7507266796467488,-0.7405245553521262,0.5515406462664174,,,,,
ranked_bce_ce,seed20261010,mean,18379751,4.4,91,0.9378840330909384,-0.9338337177900095,0.6816272769199218,,,,,
ranked_bce_ce,seed20261010,mean,18596591,4.0,81,0.6900695018927193,-0.6232147490679832,0.4959512549063036,,,,,
ranked_bce_ce,seed20261010,mean,18673351,4.6,72,0.728177935006515,-0.7161909129625458,0.5174946077052532,,,,,
ranked_bce_ce,seed20261010,mean,19004961,4.3,43,1.0197207658682175,-1.0106081651674217,0.8063231771100159,,,,,
ranked_bce_ce,seed20261010,mean,20046641,4.3,45,0.6662374964052221,-0.6662374964052221,0.46387218780627604,,,,,
ranked_bce_ce,seed20261010,mean,20362671,4.6,101,1.0888078419966631,-1.0356234598420695,0.8475370889256683,,,,,
ranked_bce_ce,seed20261010,mean,20375681,5.1,91,1.3919680237517833,-1.3527170921120704,1.1208158592247741,,,,,
ranked_bce_ce,seed20261010,mean,20379371,4.4,75,1.06990356624213,-1.0571928554796834,0.8472489130852382,,,,,
ranked_bce_ce,seed20261010,mean,20415201,4.6,102,1.1743664269951855,-1.1743664269951855,0.8804539902921359,,,,,
ranked_bce_ce,seed20261010,mean,20787491,4.0,29,0.4165280665411161,-0.3812567236909683,0.3089803358287164,,,,,
ranked_bce_ce,seed20261010,mean,20845861,4.6,73,0.7049129168030086,-0.513695557181394,0.4944810510145155,,,,,
ranked_bce_ce,seed20261010,mean,21119351,4.0,88,0.4978793145050689,-0.41603433620197594,0.34297164899175414,,,,,
ranked_bce_ce,seed20261010,median,18263671,4.0,136,0.7470588235294116,-0.7345588235294116,0.5515406462664174,,,,,
ranked_bce_ce,seed20261010,median,18379751,4.4,91,0.9313186813186815,-0.9280219780219781,0.6816272769199218,,,,,
ranked_bce_ce,seed20261010,median,18596591,4.0,81,0.7055555555555553,-0.6425925925925924,0.4959512549063036,,,,,
ranked_bce_ce,seed20261010,median,18673351,4.6,72,0.7208333333333329,-0.7069444444444439,0.5174946077052532,,,,,
ranked_bce_ce,seed20261010,median,19004961,4.3,43,1.0337209302325578,-1.0197674418604648,0.8063231771100159,,,,,
ranked_bce_ce,seed20261010,median,20046641,4.3,45,0.663333333333333,-0.6566666666666663,0.46387218780627604,,,,,
ranked_bce_ce,seed20261010,median,20362671,4.6,101,1.09059405940594,-1.0410891089108905,0.8475370889256683,,,,,
ranked_bce_ce,seed20261010,median,20375681,5.1,91,1.3884615384615382,-1.355494505494505,1.1208158592247741,,,,,
ranked_bce_ce,seed20261010,median,20379371,4.4,75,1.0793333333333335,-1.0646666666666669,0.8472489130852382,,,,,
ranked_bce_ce,seed20261010,median,20415201,4.6,102,1.162745098039215,-1.162745098039215,0.8804539902921359,,,,,
ranked_bce_ce,seed20261010,median,20787491,4.0,29,0.4224137931034482,-0.3810344827586205,0.3089803358287164,,,,,
ranked_bce_ce,seed20261010,median,20845861,4.6,73,0.6883561643835614,-0.4979452054794515,0.4944810510145155,,,,,
ranked_bce_ce,seed20261010,median,21119351,4.0,88,0.505681818181818,-0.4193181818181817,0.34297164899175414,,,,,
ranked_bce_ce,ensemble,mean,18263671,4.0,136,0.7542031692290837,-0.7443044397838323,0.5552093545430706,,,,,
ranked_bce_ce,ensemble,mean,18379751,4.4,91,0.9386233331994016,-0.9353992413878086,0.6803945560311002,,,,,
ranked_bce_ce,ensemble,mean,18596591,4.0,81,0.6781502937642304,-0.6191895193223035,0.4874560766974796,,,,,
ranked_bce_ce,ensemble,mean,18673351,4.6,72,0.7127230341479568,-0.707605651405861,0.5017264718028674,,,,,
ranked_bce_ce,ensemble,mean,19004961,4.3,43,1.0212150944737397,-1.0123101173474476,0.8040095895373581,,,,,
ranked_bce_ce,ensemble,mean,20046641,4.3,45,0.6565718569042741,-0.6565718569042741,0.45264431682036416,,,,,
ranked_bce_ce,ensemble,mean,20362671,4.6,101,1.089860029192739,-1.040163172283508,0.8430202985389362,,,,,
ranked_bce_ce,ensemble,mean,20375681,5.1,91,1.3980160369264933,-1.3621118363616023,1.1223415880144707,,,,,
ranked_bce_ce,ensemble,mean,20379371,4.4,75,1.0645530888883283,-1.0538285547729738,0.841486872496799,,,,,
ranked_bce_ce,ensemble,mean,20415201,4.6,102,1.1794188738086373,-1.1794188738086373,0.8804821995097338,,,,,
ranked_bce_ce,ensemble,mean,20787491,4.0,29,0.4099615021040097,-0.3734585804015991,0.3073285363146303,,,,,
ranked_bce_ce,ensemble,mean,20845861,4.6,73,0.7022979918981924,-0.5222644945981921,0.48996159784748494,,,,,
ranked_bce_ce,ensemble,mean,21119351,4.0,88,0.4786483093282788,-0.40027903192662834,0.3301907412166345,,,,,
ranked_bce_ce,ensemble,median,18263671,4.0,136,0.7522058823529411,-0.7374999999999998,0.5552093545430706,,,,,
ranked_bce_ce,ensemble,median,18379751,4.4,91,0.9225274725274726,-0.9192307692307693,0.6803945560311002,,,,,
ranked_bce_ce,ensemble,median,18596591,4.0,81,0.6895061728395059,-0.6277777777777775,0.4874560766974796,,,,,
ranked_bce_ce,ensemble,median,18673351,4.6,72,0.6958333333333329,-0.6888888888888884,0.5017264718028674,,,,,
ranked_bce_ce,ensemble,median,19004961,4.3,43,1.0406976744186045,-1.0267441860465112,0.8040095895373581,,,,,
ranked_bce_ce,ensemble,median,20046641,4.3,45,0.6499999999999998,-0.6433333333333331,0.45264431682036416,,,,,
ranked_bce_ce,ensemble,median,20362671,4.6,101,1.085643564356435,-1.0400990099009895,0.8430202985389362,,,,,
ranked_bce_ce,ensemble,median,20375681,5.1,91,1.3884615384615382,-1.3642857142857139,1.1223415880144707,,,,,
ranked_bce_ce,ensemble,median,20379371,4.4,75,1.0686666666666667,-1.0553333333333335,0.841486872496799,,,,,
ranked_bce_ce,ensemble,median,20415201,4.6,102,1.1676470588235288,-1.1676470588235288,0.8804821995097338,,,,,
ranked_bce_ce,ensemble,median,20787491,4.0,29,0.4155172413793102,-0.35689655172413776,0.3073285363146303,,,,,
ranked_bce_ce,ensemble,median,20845861,4.6,73,0.6815068493150683,-0.5130136986301365,0.48996159784748494,,,,,
ranked_bce_ce,ensemble,median,21119351,4.0,88,0.48068181818181804,-0.3943181818181817,0.3301907412166345,,,,,
properized_ad_ce,seed20261009,mean,18263671,4.0,136,0.7538405127028256,-0.7386785355950287,0.5503863122284112,,,,,
properized_ad_ce,seed20261009,mean,18379751,4.4,91,0.9357047018264515,-0.9346138714705595,0.6778508492034864,,,,,
properized_ad_ce,seed20261009,mean,18596591,4.0,81,0.7346953828471816,-0.7024344375938596,0.5338313597231453,,,,,
properized_ad_ce,seed20261009,mean,18673351,4.6,72,0.7884542377236723,-0.7810050383039524,0.5370951391228407,,,,,
properized_ad_ce,seed20261009,mean,19004961,4.3,43,1.0170425558861849,-1.0059639418627193,0.800364787781435,,,,,
properized_ad_ce,seed20261009,mean,20046641,4.3,45,0.6778902982423939,-0.6733271526992555,0.4689706398865175,,,,,
properized_ad_ce,seed20261009,mean,20362671,4.6,101,1.1093014419214822,-1.0641035155235776,0.8520500565245335,,,,,
properized_ad_ce,seed20261009,mean,20375681,5.1,91,1.4199287944647214,-1.3854493034461652,1.1316707690866408,,,,,
properized_ad_ce,seed20261009,mean,20379371,4.4,75,1.0720979397737715,-1.0639954281146142,0.8547377636688016,,,,,
properized_ad_ce,seed20261009,mean,20415201,4.6,102,1.1796105159896684,-1.1796105159896684,0.8771034463525682,,,,,
properized_ad_ce,seed20261009,mean,20787491,4.0,29,0.41485400193193095,-0.36772101198102,0.31876017499388276,,,,,
properized_ad_ce,seed20261009,mean,20845861,4.6,73,0.7102965963117437,-0.5373170718372614,0.5008860569147914,,,,,
properized_ad_ce,seed20261009,mean,21119351,4.0,88,0.44774912563258956,-0.4073417715558559,0.32740158013820986,,,,,
properized_ad_ce,seed20261009,median,18263671,4.0,136,0.7566176470588234,-0.7316176470588234,0.5503863122284112,,,,,
properized_ad_ce,seed20261009,median,18379751,4.4,91,0.9203296703296705,-0.9170329670329671,0.6778508492034864,,,,,
properized_ad_ce,seed20261009,median,18596591,4.0,81,0.7574074074074072,-0.7166666666666665,0.5338313597231453,,,,,
properized_ad_ce,seed20261009,median,18673351,4.6,72,0.7763888888888884,-0.7652777777777772,0.5370951391228407,,,,,
properized_ad_ce,seed20261009,median,19004961,4.3,43,1.0430232558139532,-1.0220930232558136,0.800364787781435,,,,,
properized_ad_ce,seed20261009,median,20046641,4.3,45,0.6766666666666665,-0.6611111111111108,0.4689706398865175,,,,,
properized_ad_ce,seed20261009,median,20362671,4.6,101,1.1183168316831678,-1.068811881188118,0.8520500565245335,,,,,
properized_ad_ce,seed20261009,median,20375681,5.1,91,1.409340659340659,-1.379670329670329,1.1316707690866408,,,,,
properized_ad_ce,seed20261009,median,20379371,4.4,75,1.082,-1.0673333333333335,0.8547377636688016,,,,,
properized_ad_ce,seed20261009,median,20415201,4.6,102,1.1656862745098033,-1.1656862745098033,0.8771034463525682,,,,,
properized_ad_ce,seed20261009,median,20787491,4.0,29,0.42931034482758607,-0.35344827586206884,0.31876017499388276,,,,,
properized_ad_ce,seed20261009,median,20845861,4.6,73,0.6924657534246573,-0.5102739726027392,0.5008860569147914,,,,,
properized_ad_ce,seed20261009,median,21119351,4.0,88,0.45795454545454534,-0.39204545454545436,0.32740158013820986,,,,,
properized_ad_ce,seed20261010,mean,18263671,4.0,136,0.7649742039440741,-0.7551946988635989,0.5548382399872265,,,,,
properized_ad_ce,seed20261010,mean,18379751,4.4,91,0.9581689754579366,-0.955118201527625,0.6960449671275891,,,,,
properized_ad_ce,seed20261010,mean,18596591,4.0,81,0.7801111246523057,-0.7382036802330579,0.5717621146629817,,,,,
properized_ad_ce,seed20261010,mean,18673351,4.6,72,0.8118011179761648,-0.8048065761400461,0.5642599243558615,,,,,
properized_ad_ce,seed20261010,mean,19004961,4.3,43,1.0490445247518492,-1.0363969701007099,0.8285720259624552,,,,,
properized_ad_ce,seed20261010,mean,20046641,4.3,45,0.7333380950638507,-0.7294489116448633,0.5062529152777158,,,,,
properized_ad_ce,seed20261010,mean,20362671,4.6,101,1.1402186094693625,-1.0943584106538022,0.8802182184676649,,,,,
properized_ad_ce,seed20261010,mean,20375681,5.1,91,1.4412358969457306,-1.4075392606558783,1.1469329693275168,,,,,
properized_ad_ce,seed20261010,mean,20379371,4.4,75,1.0980276670152114,-1.0890853250625046,0.8711378983538739,,,,,
properized_ad_ce,seed20261010,mean,20415201,4.6,102,1.2059705810415369,-1.2059705810415369,0.9043060522285493,,,,,
properized_ad_ce,seed20261010,mean,20787491,4.0,29,0.44163084251100826,-0.40995503144535184,0.3353237265232503,,,,,
properized_ad_ce,seed20261010,mean,20845861,4.6,73,0.7117953650359868,-0.544452732299386,0.5064398475224188,,,,,
properized_ad_ce,seed20261010,mean,21119351,4.0,88,0.4752834617642654,-0.4280546287513687,0.34347047920193335,,,,,
properized_ad_ce,seed20261010,median,18263671,4.0,136,0.7691176470588235,-0.7580882352941175,0.5548382399872265,,,,,
properized_ad_ce,seed20261010,median,18379751,4.4,91,0.9532967032967035,-0.947802197802198,0.6960449671275891,,,,,
properized_ad_ce,seed20261010,median,18596591,4.0,81,0.8154320987654319,-0.7598765432098763,0.5717621146629817,,,,,
properized_ad_ce,seed20261010,median,18673351,4.6,72,0.808333333333333,-0.7930555555555551,0.5642599243558615,,,,,
properized_ad_ce,seed20261010,median,19004961,4.3,43,1.0825581395348836,-1.0569767441860463,0.8285720259624552,,,,,
properized_ad_ce,seed20261010,median,20046641,4.3,45,0.732222222222222,-0.7233333333333329,0.5062529152777158,,,,,
properized_ad_ce,seed20261010,median,20362671,4.6,101,1.1599009900990096,-1.1044554455445539,0.8802182184676649,,,,,
properized_ad_ce,seed20261010,median,20375681,5.1,91,1.443406593406593,-1.4038461538461535,1.1469329693275168,,,,,
properized_ad_ce,seed20261010,median,20379371,4.4,75,1.1113333333333335,-1.0940000000000003,0.8711378983538739,,,,,
properized_ad_ce,seed20261010,median,20415201,4.6,102,1.1931372549019603,-1.1931372549019603,0.9043060522285493,,,,,
properized_ad_ce,seed20261010,median,20787491,4.0,29,0.4534482758620688,-0.4051724137931033,0.3353237265232503,,,,,
properized_ad_ce,seed20261010,median,20845861,4.6,73,0.704794520547945,-0.5212328767123282,0.5064398475224188,,,,,
properized_ad_ce,seed20261010,median,21119351,4.0,88,0.4897727272727272,-0.4193181818181817,0.34347047920193335,,,,,
properized_ad_ce,ensemble,mean,18263671,4.0,136,0.7592193052807724,-0.7469366172293139,0.5521266061362108,,,,,
properized_ad_ce,ensemble,mean,18379751,4.4,91,0.9469368386421939,-0.9448660364990924,0.6864283529350299,,,,,
properized_ad_ce,ensemble,mean,18596591,4.0,81,0.7574002365552509,-0.7203190589134588,0.5520352456237436,,,,,
properized_ad_ce,ensemble,mean,18673351,4.6,72,0.8001276778499187,-0.7929058072219993,0.5497301273614131,,,,,
properized_ad_ce,ensemble,mean,19004961,4.3,43,1.0330435403190172,-1.0211804559817148,0.8140488592199442,,,,,
properized_ad_ce,ensemble,mean,20046641,4.3,45,0.7046187606731547,-0.7013880321720595,0.48624952407115507,,,,,
properized_ad_ce,ensemble,mean,20362671,4.6,101,1.1244279257503969,-1.0792309630886898,0.8653575787891769,,,,,
properized_ad_ce,ensemble,mean,20375681,5.1,91,1.4305823457052258,-1.3964942820510216,1.1386644555853302,,,,,
properized_ad_ce,ensemble,mean,20379371,4.4,75,1.084878747085815,-1.0765403765885595,0.862307621769867,,,,,
properized_ad_ce,ensemble,mean,20415201,4.6,102,1.192790548515603,-1.192790548515603,0.8902220151622176,,,,,
properized_ad_ce,ensemble,mean,20787491,4.0,29,0.4268831600762264,-0.3888380217131859,0.32628709967450864,,,,,
properized_ad_ce,ensemble,mean,20845861,4.6,73,0.7107348758192387,-0.5408849020683236,0.5030582231695641,,,,,
properized_ad_ce,ensemble,mean,21119351,4.0,88,0.46017894227400796,-0.41769820015361225,0.3347373812802097,,,,,
properized_ad_ce,ensemble,median,18263671,4.0,136,0.7566176470588234,-0.7426470588235293,0.5521266061362108,,,,,
properized_ad_ce,ensemble,median,18379751,4.4,91,0.9313186813186815,-0.925824175824176,0.6864283529350299,,,,,
properized_ad_ce,ensemble,median,18596591,4.0,81,0.7808641975308639,-0.7351851851851849,0.5520352456237436,,,,,
properized_ad_ce,ensemble,median,18673351,4.6,72,0.7874999999999994,-0.7763888888888884,0.5497301273614131,,,,,
properized_ad_ce,ensemble,median,19004961,4.3,43,1.0709302325581394,-1.045348837209302,0.8140488592199442,,,,,
properized_ad_ce,ensemble,median,20046641,4.3,45,0.7055555555555553,-0.692222222222222,0.48624952407115507,,,,,
properized_ad_ce,ensemble,median,20362671,4.6,101,1.1321782178217816,-1.08069306930693,0.8653575787891769,,,,,
properized_ad_ce,ensemble,median,20375681,5.1,91,1.424725274725274,-1.3917582417582413,1.1386644555853302,,,,,
properized_ad_ce,ensemble,median,20379371,4.4,75,1.0926666666666667,-1.0793333333333335,0.862307621769867,,,,,
properized_ad_ce,ensemble,median,20415201,4.6,102,1.1803921568627447,-1.1803921568627447,0.8902220151622176,,,,,
properized_ad_ce,ensemble,median,20787491,4.0,29,0.42931034482758607,-0.37068965517241365,0.32628709967450864,,,,,
properized_ad_ce,ensemble,median,20845861,4.6,73,0.6965753424657533,-0.5212328767123282,0.5030582231695641,,,,,
properized_ad_ce,ensemble,median,21119351,4.0,88,0.46818181818181803,-0.4045454545454544,0.3347373812802097,,,,,
